S.No.,rollno,1st sem sgpa,2nd sem sgpa,3rd sem sgpa,4th sem sgpa ,cgpa,attendance,assignment_score,internal_exam,sgpa_change_1_to_2,sgpa_change_2_to_3,attendance_ratio,assignment_internal_interaction,attendance_squared
1,4PS18MC01,7.95,8.41,5.72,8.64,7.68,90,68,90,0.45999999999999996,-2.6900000000000004,0.9,6120,8100
2,4PS18MC02,5.91,9.21,5.64,6.27,6.76,55,83,90,3.3000000000000007,-3.570000000000001,0.55,7470,3025
3,4PS18MC03,9.52,8.05,7.03,7.67,8.07,83,57,90,-1.4699999999999989,-1.0200000000000005,0.83,5130,6889
4,4PS18MC04,7.86,7.0,8.45,8.05,7.84,47,4,90,-0.8600000000000003,1.4499999999999993,0.47,360,2209
5,4PS18MC05,6.21,7.83,8.9,6.0,7.24,9,60,90,1.62,1.0700000000000003,0.09,5400,81
6,4PS18MC06,6.37,8.74,9.2,8.16,8.12,28,22,90,2.37,0.4599999999999991,0.28,1980,784
7,4PS18MC07,7.64,7.84,5.58,8.97,7.51,56,54,90,0.20000000000000018,-2.26,0.56,4860,3136
8,4PS18MC08,7.06,7.89,6.74,6.73,7.1,14,6,90,0.8300000000000001,-1.1499999999999995,0.14,540,196
9,4PS18MC09,6.21,6.88,5.7,7.75,6.64,63,66,90,0.6699999999999999,-1.1799999999999997,0.63,5940,3969
10,4PS18MC10,9.67,6.17,8.47,8.27,8.14,86,3,90,-3.5,2.3000000000000007,0.86,270,7396
11,4PS18MC11,9.96,8.56,6.24,8.88,8.41,45,3,90,-1.4000000000000004,-2.3200000000000003,0.45,270,2025
12,4PS18MC12,6.96,5.82,6.52,5.74,6.26,6,94,90,-1.1399999999999997,0.6999999999999993,0.06,8460,36
13,4PS18MC13,7.05,9.14,7.37,8.45,8.0,87,37,90,2.0900000000000007,-1.7700000000000005,0.87,3330,7569
14,4PS18MC14,7.04,7.71,5.87,9.67,7.57,57,41,90,0.6699999999999999,-1.8399999999999999,0.57,3690,3249
15,4PS18MC15,6.78,9.83,5.72,9.26,7.9,16,40,90,3.05,-4.11,0.16,3600,256
16,4PS18MC16,5.96,7.98,7.26,8.32,7.38,5,79,90,2.0200000000000005,-0.7200000000000006,0.05,7110,25
17,4PS18MC17,9.32,8.71,7.6,7.55,8.3,72,30,90,-0.6099999999999994,-1.1100000000000012,0.72,2700,5184
18,4PS18MC18,6.65,9.85,7.77,7.22,7.87,19,90,90,3.1999999999999993,-2.08,0.19,8100,361
19,4PS18MC19,7.07,9.72,9.43,7.79,8.5,13,26,90,2.6500000000000004,-0.2900000000000009,0.13,2340,169
20,4PS18MC20,5.57,7.58,9.47,7.82,7.61,78,35,90,2.01,1.8900000000000006,0.78,3150,6084
21,4PS18MC21,9.14,8.24,9.15,8.59,8.78,51,73,90,-0.9000000000000004,0.9100000000000001,0.51,6570,2601
22,4PS18MC22,8.86,7.79,7.99,7.62,8.06,37,39,90,-1.0699999999999994,0.20000000000000018,0.37,3510,1369
23,4PS18MC23,8.41,9.74,6.32,9.14,8.4,80,83,90,1.33,-3.42,0.8,7470,6400
24,4PS18MC24,5.81,6.89,7.32,5.61,6.41,77,10,90,1.08,0.4300000000000006,0.77,900,5929
25,4PS18MC25,8.48,6.73,8.24,6.93,7.6,3,58,90,-1.75,1.5099999999999998,0.03,5220,9
26,4PS18MC26,9.14,9.62,9.39,9.32,9.37,98,12,90,0.47999999999999865,-0.22999999999999865,0.98,1080,9604
27,4PS18MC27,9.24,9.36,6.24,7.62,8.12,32,5,90,0.11999999999999922,-3.119999999999999,0.32,450,1024
28,4PS18MC28,9.27,7.11,9.61,5.81,7.95,19,94,90,-2.1599999999999993,2.499999999999999,0.19,8460,361
29,4PS18MC29,6.93,6.1,8.29,8.99,7.58,100,91,90,-0.8300000000000001,2.1899999999999995,1.0,8190,10000
30,4PS18MC30,6.02,8.94,7.79,5.73,7.12,85,59,90,2.92,-1.1499999999999995,0.85,5310,7225
31,4PS18MC31,9.54,7.14,8.7,6.8,8.04,83,84,90,-2.3999999999999995,1.5599999999999996,0.83,7560,6889
32,4PS18MC32,6.82,6.16,6.25,9.25,7.12,38,46,90,-0.6600000000000001,0.08999999999999986,0.38,4140,1444
33,4PS18MC33,7.99,7.84,5.71,9.24,7.7,10,11,90,-0.15000000000000036,-2.13,0.1,990,100
34,4PS18MC34,5.53,9.79,7.92,6.31,7.39,56,50,90,4.259999999999999,-1.8699999999999992,0.56,4500,3136
35,4PS18MC35,7.2,9.47,7.21,5.93,7.45,95,79,90,2.2700000000000005,-2.2600000000000007,0.95,7110,9025
36,4PS18MC36,6.38,5.8,9.33,6.21,6.93,67,82,90,-0.5800000000000001,3.5300000000000002,0.67,7380,4489
37,4PS18MC37,6.21,6.44,7.24,9.74,7.41,59,97,90,0.23000000000000043,0.7999999999999998,0.59,8730,3481
38,4PS18MC38,5.87,9.27,6.76,8.93,7.71,100,56,90,3.3999999999999995,-2.51,1.0,5040,10000
39,4PS18MC39,8.75,5.63,9.38,8.35,8.03,21,1,90,-3.12,3.750000000000001,0.21,90,441
40,4PS18MC40,7.04,9.29,7.24,8.27,7.96,32,29,90,2.249999999999999,-2.049999999999999,0.32,2610,1024
41,4PS18MC41,7.79,9.1,9.27,9.83,9.0,74,93,90,1.3099999999999996,0.16999999999999993,0.74,8370,5476
42,4PS18MC42,6.87,6.89,9.37,8.36,7.87,13,63,90,0.019999999999999574,2.4799999999999995,0.13,5670,169
43,4PS18MC43,9.92,6.43,8.33,5.67,7.59,45,88,90,-3.49,1.9000000000000004,0.45,7920,2025
44,4PS18MC44,7.72,8.24,8.66,8.88,8.38,24,3,90,0.5200000000000005,0.41999999999999993,0.24,270,576
45,4PS18MC45,7.12,5.98,8.04,6.51,6.91,50,18,90,-1.1399999999999997,2.0599999999999987,0.5,1620,2500
46,4PS18MC46,7.03,8.08,9.3,6.13,7.64,67,35,90,1.0499999999999998,1.2200000000000006,0.67,3150,4489
47,4PS18MC47,9.42,8.96,9.18,9.35,9.23,100,97,90,-0.4599999999999991,0.21999999999999886,1.0,8730,10000
48,4PS18MC48,5.62,8.05,8.37,5.63,6.92,84,39,90,2.4300000000000006,0.3199999999999985,0.84,3510,7056
49,4PS18MC49,8.66,9.56,8.67,7.46,8.59,21,86,90,0.9000000000000004,-0.8900000000000006,0.21,7740,441
50,4PS18MC50,6.84,9.09,9.87,7.19,8.25,99,3,90,2.25,0.7799999999999994,0.99,270,9801
51,4PS18MC51,9.13,5.69,8.89,5.68,7.35,21,36,90,-3.4400000000000004,3.2,0.21,3240,441
52,4PS18MC52,8.33,6.79,6.57,8.33,7.51,46,13,90,-1.54,-0.21999999999999975,0.46,1170,2116
53,4PS18MC53,9.56,8.13,7.01,8.32,8.26,20,24,90,-1.4299999999999997,-1.120000000000001,0.2,2160,400
54,4PS18MC54,9.05,6.0,6.8,8.16,7.5,26,91,90,-3.0500000000000007,0.7999999999999998,0.26,8190,676
55,4PS18MC55,9.97,7.64,7.86,6.21,7.92,1,89,90,-2.330000000000001,0.22000000000000064,0.01,8010,1
56,4PS18MC56,7.89,6.04,8.27,6.02,7.06,83,8,90,-1.8499999999999996,2.2299999999999995,0.83,720,6889
57,4PS18MC57,8.67,9.31,8.11,6.35,8.11,9,51,90,0.6400000000000006,-1.200000000000001,0.09,4590,81
58,4PS18MC58,7.55,7.02,6.37,9.82,7.69,66,26,90,-0.5300000000000002,-0.6499999999999995,0.66,2340,4356
59,4PS18MC59,7.7,7.27,7.11,5.6,6.92,19,30,90,-0.4300000000000006,-0.15999999999999925,0.19,2700,361
60,4PS18MC60,6.49,8.92,7.01,7.45,7.47,4,73,90,2.4299999999999997,-1.9100000000000001,0.04,6570,16
61,4PS19MC01,6.25,6.71,7.49,5.72,6.54,56,24,90,0.45999999999999996,0.7800000000000002,0.56,2160,3136
62,4PS19MC02,5.83,8.18,6.69,5.95,6.66,99,93,90,2.3499999999999996,-1.4899999999999993,0.99,8370,9801
63,4PS19MC03,9.74,9.39,7.15,5.63,7.98,89,20,90,-0.34999999999999964,-2.24,0.89,1800,7921
64,4PS19MC04,6.85,6.57,5.68,9.49,7.15,48,71,90,-0.27999999999999936,-0.8900000000000006,0.48,6390,2304
65,4PS19MC05,8.73,8.69,9.01,8.6,8.76,14,100,90,-0.040000000000000924,0.3200000000000003,0.14,9000,196
66,4PS19MC06,8.5,7.46,5.93,6.97,7.22,67,6,90,-1.04,-1.5300000000000002,0.67,540,4489
67,4PS19MC07,9.61,5.7,8.6,5.65,7.39,96,33,90,-3.9099999999999993,2.8999999999999995,0.96,2970,9216
68,4PS19MC08,7.76,6.61,6.56,6.58,6.88,18,100,90,-1.1499999999999995,-0.05000000000000071,0.18,9000,324
69,4PS19MC09,8.29,8.19,9.07,6.64,8.05,51,78,90,-0.09999999999999964,0.8800000000000008,0.51,7020,2601
70,4PS19MC10,8.95,9.16,8.17,8.74,8.76,94,86,90,0.21000000000000085,-0.9900000000000002,0.94,7740,8836
71,4PS19MC11,8.03,6.51,7.01,9.98,7.88,99,83,90,-1.5199999999999996,0.5,0.99,7470,9801
72,4PS19MC12,7.98,6.32,5.55,8.44,7.07,11,4,90,-1.6600000000000001,-0.7700000000000005,0.11,360,121
73,4PS19MC13,7.81,6.15,9.42,8.84,8.06,1,10,90,-1.6599999999999993,3.2699999999999996,0.01,900,1
74,4PS19MC14,7.31,8.84,7.69,9.98,8.46,54,70,90,1.5300000000000002,-1.1499999999999995,0.54,6300,2916
75,4PS19MC15,9.66,5.61,9.83,6.95,8.01,41,87,90,-4.05,4.22,0.41,7830,1681
76,4PS19MC16,8.44,8.98,8.05,9.18,8.66,9,35,90,0.5400000000000009,-0.9299999999999997,0.09,3150,81
77,4PS19MC17,9.41,9.25,6.39,6.96,8.0,27,75,90,-0.16000000000000014,-2.8600000000000003,0.27,6750,729
78,4PS19MC18,6.9,8.65,9.81,9.35,8.68,53,44,90,1.75,1.1600000000000001,0.53,3960,2809
79,4PS19MC19,9.56,9.61,6.42,6.49,8.02,53,55,90,0.049999999999998934,-3.1899999999999995,0.53,4950,2809
80,4PS19MC20,9.0,6.81,6.05,7.44,7.32,16,67,90,-2.1900000000000004,-0.7599999999999998,0.16,6030,256
81,4PS19MC21,9.08,7.22,6.16,9.89,8.09,67,42,90,-1.8600000000000003,-1.0599999999999996,0.67,3780,4489
82,4PS19MC22,7.34,9.5,9.61,8.15,8.65,51,46,90,2.16,0.10999999999999943,0.51,4140,2601
83,4PS19MC23,9.37,9.12,9.19,8.35,9.01,24,11,90,-0.25,0.07000000000000028,0.24,990,576
84,4PS19MC24,5.63,6.31,6.44,5.55,5.98,36,75,90,0.6799999999999997,0.13000000000000078,0.36,6750,1296
85,4PS19MC25,7.77,7.93,9.85,6.41,7.99,55,9,90,0.16000000000000014,1.92,0.55,810,3025
86,4PS19MC26,6.56,6.38,8.65,6.8,7.1,2,89,90,-0.17999999999999972,2.2700000000000005,0.02,8010,4
87,4PS19MC27,9.0,8.8,8.62,7.19,8.4,50,3,90,-0.1999999999999993,-0.1800000000000015,0.5,270,2500
88,4PS19MC28,9.65,6.29,8.78,7.89,8.15,74,68,90,-3.3600000000000003,2.4899999999999993,0.74,6120,5476
89,4PS19MC29,8.45,7.8,7.61,7.65,7.88,38,80,90,-0.6499999999999995,-0.1899999999999995,0.38,7200,1444
90,4PS19MC30,7.73,7.57,9.77,8.14,8.3,34,6,90,-0.16000000000000014,2.1999999999999993,0.34,540,1156
91,4PS19MC31,8.38,8.06,7.82,7.57,7.96,53,81,90,-0.3200000000000003,-0.2400000000000002,0.53,7290,2809
92,4PS19MC32,6.07,9.2,9.1,9.07,8.36,19,56,90,3.129999999999999,-0.09999999999999964,0.19,5040,361
93,4PS19MC33,6.63,8.17,9.74,7.36,7.98,30,11,90,1.54,1.5700000000000003,0.3,990,900
94,4PS19MC34,7.5,6.16,9.86,6.41,7.48,13,31,90,-1.3399999999999999,3.6999999999999993,0.13,2790,169
95,4PS19MC35,7.94,9.02,7.72,5.95,7.66,98,37,90,1.0799999999999992,-1.2999999999999998,0.98,3330,9604
96,4PS19MC36,8.06,6.51,9.93,9.37,8.47,19,79,90,-1.5500000000000007,3.42,0.19,7110,361
97,4PS19MC37,6.57,6.46,9.99,8.28,7.83,80,24,90,-0.11000000000000032,3.5300000000000002,0.8,2160,6400
98,4PS19MC38,6.18,10.0,7.89,5.98,7.51,75,86,90,3.8200000000000003,-2.1100000000000003,0.75,7740,5625
99,4PS19MC39,7.4,8.21,7.3,8.86,7.94,42,76,90,0.8100000000000005,-0.910000000000001,0.42,6840,1764
100,4PS19MC40,5.54,7.75,6.94,8.9,7.28,68,32,90,2.21,-0.8099999999999996,0.68,2880,4624
101,4PS19MC41,9.64,9.38,9.35,9.38,9.44,46,30,90,-0.2599999999999998,-0.030000000000001137,0.46,2700,2116
102,4PS19MC42,6.71,8.92,7.94,8.88,8.11,80,12,90,2.21,-0.9799999999999995,0.8,1080,6400
103,4PS19MC43,8.5,7.9,7.73,5.62,7.44,62,61,90,-0.5999999999999996,-0.16999999999999993,0.62,5490,3844
104,4PS19MC44,9.2,6.8,7.7,7.14,7.71,48,18,90,-2.3999999999999995,0.9000000000000004,0.48,1620,2304
105,4PS19MC45,7.99,5.57,7.43,8.37,7.34,11,39,90,-2.42,1.8599999999999994,0.11,3510,121
106,4PS19MC46,8.79,8.53,5.56,9.78,8.16,53,6,90,-0.2599999999999998,-2.9699999999999998,0.53,540,2809
107,4PS19MC47,8.06,8.58,8.1,8.56,8.33,21,51,90,0.5199999999999996,-0.4800000000000004,0.21,4590,441
108,4PS19MC48,6.78,6.53,6.63,8.46,7.1,14,60,90,-0.25,0.09999999999999964,0.14,5400,196
109,4PS19MC49,9.0,6.83,8.94,7.62,8.1,59,53,90,-2.17,2.1099999999999994,0.59,4770,3481
110,4PS19MC50,8.08,8.3,9.02,5.59,7.75,24,97,90,0.22000000000000064,0.7199999999999989,0.24,8730,576
111,4PS19MC51,7.11,9.98,6.16,9.98,8.31,72,93,90,2.87,-3.8200000000000003,0.72,8370,5184
112,4PS19MC52,9.0,8.78,8.74,6.92,8.36,18,31,90,-0.22000000000000064,-0.03999999999999915,0.18,2790,324
113,4PS19MC53,8.33,9.48,5.92,8.03,7.94,29,64,90,1.1500000000000004,-3.5600000000000005,0.29,5760,841
114,4PS19MC54,6.62,9.53,8.86,9.18,8.55,54,63,90,2.9099999999999993,-0.6699999999999999,0.54,5670,2916
115,4PS19MC55,9.96,7.24,6.77,9.23,8.3,19,62,90,-2.7200000000000006,-0.47000000000000064,0.19,5580,361
116,4PS19MC56,7.33,8.23,8.5,6.16,7.56,22,2,90,0.9000000000000004,0.2699999999999996,0.22,180,484
117,4PS19MC57,8.08,5.8,6.23,6.47,6.64,53,70,90,-2.2800000000000002,0.4300000000000006,0.53,6300,2809
118,4PS19MC58,7.11,7.62,5.81,5.98,6.63,28,63,90,0.5099999999999998,-1.8100000000000005,0.28,5670,784
119,4PS19MC59,9.94,6.32,9.83,6.97,8.26,72,4,90,-3.619999999999999,3.51,0.72,360,5184
120,4PS19MC60,7.09,6.64,6.23,9.19,7.29,100,98,90,-0.4500000000000002,-0.40999999999999925,1.0,8820,10000
121,4PS20MC01,8.93,6.46,8.4,9.02,8.2,59,51,90,-2.4699999999999998,1.9400000000000004,0.59,4590,3481
122,4PS20MC02,6.37,7.81,5.5,8.69,7.09,83,10,90,1.4399999999999995,-2.3099999999999996,0.83,900,6889
123,4PS20MC03,7.94,7.1,6.95,6.17,7.04,75,49,90,-0.8400000000000007,-0.14999999999999947,0.75,4410,5625
124,4PS20MC04,7.33,6.04,7.29,6.49,6.79,46,46,90,-1.29,1.25,0.46,4140,2116
125,4PS20MC05,5.59,9.73,8.2,7.19,7.68,83,31,90,4.140000000000001,-1.5300000000000011,0.83,2790,6889
126,4PS20MC06,7.29,9.08,7.33,5.65,7.34,96,55,90,1.79,-1.75,0.96,4950,9216
127,4PS20MC07,6.95,7.74,6.45,6.5,6.91,17,93,90,0.79,-1.29,0.17,8370,289
128,4PS20MC08,6.38,8.86,6.41,5.67,6.83,48,44,90,2.4799999999999995,-2.4499999999999993,0.48,3960,2304
129,4PS20MC09,5.8,6.38,9.63,6.33,7.04,76,6,90,0.5800000000000001,3.250000000000001,0.76,540,5776
130,4PS20MC10,5.96,6.42,5.84,8.2,6.6,39,19,90,0.45999999999999996,-0.5800000000000001,0.39,1710,1521
131,4PS20MC11,7.5,7.39,7.99,9.94,8.2,6,63,90,-0.11000000000000032,0.6000000000000005,0.06,5670,36
132,4PS20MC12,8.41,6.85,6.33,9.99,7.9,42,1,90,-1.5600000000000005,-0.5199999999999996,0.42,90,1764
133,4PS20MC13,7.69,9.89,6.63,9.66,8.47,3,35,90,2.2,-3.2600000000000007,0.03,3150,9
134,4PS20MC14,7.91,8.89,8.31,7.87,8.24,68,84,90,0.9800000000000004,-0.5800000000000001,0.68,7560,4624
135,4PS20MC15,6.85,7.77,6.51,8.81,7.48,23,84,90,0.9199999999999999,-1.2599999999999998,0.23,7560,529
136,4PS20MC16,9.09,7.27,8.14,7.63,8.03,87,94,90,-1.8200000000000003,0.870000000000001,0.87,8460,7569
137,4PS20MC17,7.47,6.39,8.78,8.2,7.71,33,65,90,-1.08,2.3899999999999997,0.33,5850,1089
138,4PS20MC18,6.43,7.57,9.92,7.41,7.83,63,56,90,1.1400000000000006,2.3499999999999996,0.63,5040,3969
139,4PS20MC19,8.39,8.13,5.75,7.07,7.34,49,78,90,-0.2599999999999998,-2.380000000000001,0.49,7020,2401
140,4PS20MC20,9.91,9.86,7.86,6.7,8.58,60,78,90,-0.05000000000000071,-1.9999999999999991,0.6,7020,3600
141,4PS20MC21,8.27,6.13,9.62,7.44,7.86,44,71,90,-2.1399999999999997,3.4899999999999993,0.44,6390,1936
142,4PS20MC22,7.34,8.74,5.76,9.33,7.79,16,1,90,1.4000000000000004,-2.9800000000000004,0.16,90,256
143,4PS20MC23,8.99,7.96,7.6,7.87,8.1,32,9,90,-1.0300000000000002,-0.3600000000000003,0.32,810,1024
144,4PS20MC24,5.97,7.04,6.31,7.22,6.64,52,17,90,1.0700000000000003,-0.7300000000000004,0.52,1530,2704
145,4PS20MC25,9.6,5.77,7.22,5.8,7.1,80,60,90,-3.83,1.4500000000000002,0.8,5400,6400
146,4PS20MC26,9.72,6.8,6.39,8.87,7.94,77,77,90,-2.920000000000001,-0.41000000000000014,0.77,6930,5929
147,4PS20MC27,8.21,6.76,9.02,6.35,7.59,75,80,90,-1.450000000000001,2.26,0.75,7200,5625
148,4PS20MC28,7.75,8.57,6.41,9.12,7.96,66,45,90,0.8200000000000003,-2.16,0.66,4050,4356
149,4PS20MC29,8.73,7.92,9.52,5.81,7.99,68,3,90,-0.8100000000000005,1.5999999999999996,0.68,270,4624
150,4PS20MC30,7.98,9.2,9.67,7.67,8.63,47,65,90,1.2199999999999989,0.47000000000000064,0.47,5850,2209
151,4PS20MC31,7.63,8.33,6.64,6.89,7.37,81,77,90,0.7000000000000002,-1.6900000000000004,0.81,6930,6561
152,4PS20MC32,8.93,6.0,6.06,6.67,6.91,40,2,90,-2.9299999999999997,0.05999999999999961,0.4,180,1600
153,4PS20MC33,5.88,7.79,8.41,5.51,6.9,59,99,90,1.9100000000000001,0.6200000000000001,0.59,8910,3481
154,4PS20MC34,8.92,7.02,9.93,9.73,8.9,12,65,90,-1.9000000000000004,2.91,0.12,5850,144
155,4PS20MC35,10.0,6.94,9.34,5.55,7.96,21,79,90,-3.0599999999999996,2.3999999999999995,0.21,7110,441
156,4PS20MC36,5.8,8.87,6.08,7.29,7.01,23,51,90,3.0699999999999994,-2.789999999999999,0.23,4590,529
157,4PS20MC37,9.84,7.83,8.08,7.57,8.33,51,70,90,-2.01,0.25,0.51,6300,2601
158,4PS20MC38,7.74,7.0,6.51,5.64,6.72,9,62,90,-0.7400000000000002,-0.4900000000000002,0.09,5580,81
159,4PS20MC39,5.81,8.67,8.65,6.92,7.51,62,47,90,2.8600000000000003,-0.019999999999999574,0.62,4230,3844
160,4PS20MC40,7.31,7.65,5.96,6.38,6.82,50,74,90,0.34000000000000075,-1.6900000000000004,0.5,6660,2500
161,4PS20MC41,6.1,9.36,8.44,6.61,7.63,31,88,90,3.26,-0.9199999999999999,0.31,7920,961
162,4PS20MC42,5.98,9.46,5.94,9.76,7.78,97,6,90,3.4800000000000004,-3.5200000000000005,0.97,540,9409
163,4PS20MC43,6.02,9.37,8.87,5.69,7.49,60,52,90,3.3499999999999996,-0.5,0.6,4680,3600
164,4PS20MC44,9.98,5.57,5.64,9.63,7.7,88,22,90,-4.41,0.0699999999999994,0.88,1980,7744
165,4PS20MC45,6.26,8.28,5.93,8.12,7.15,97,36,90,2.0199999999999996,-2.3499999999999996,0.97,3240,9409
166,4PS20MC46,6.55,5.8,6.82,7.08,6.56,60,76,90,-0.75,1.0200000000000005,0.6,6840,3600
167,4PS20MC47,7.07,6.75,9.82,6.68,7.58,55,93,90,-0.3200000000000003,3.0700000000000003,0.55,8370,3025
168,4PS20MC48,9.84,5.95,9.0,6.5,7.82,39,53,90,-3.8899999999999997,3.05,0.39,4770,1521
169,4PS20MC49,6.5,7.12,6.69,7.67,7.0,38,61,90,0.6200000000000001,-0.4299999999999997,0.38,5490,1444
170,4PS20MC50,6.3,9.52,5.66,7.85,7.33,87,68,90,3.2199999999999998,-3.8599999999999994,0.87,6120,7569
171,4PS20MC51,9.02,9.63,9.25,7.54,8.86,65,36,90,0.6100000000000012,-0.3800000000000008,0.65,3240,4225
172,4PS20MC52,8.48,8.53,7.95,5.51,7.62,68,24,90,0.049999999999998934,-0.5799999999999992,0.68,2160,4624
173,4PS20MC53,6.28,7.45,8.38,8.43,7.64,63,85,90,1.17,0.9300000000000006,0.63,7650,3969
174,4PS20MC54,7.17,8.53,7.46,9.68,8.21,86,81,90,1.3599999999999994,-1.0699999999999994,0.86,7290,7396
175,4PS20MC55,8.58,9.98,8.91,9.47,9.24,55,40,90,1.4000000000000004,-1.0700000000000003,0.55,3600,3025
176,4PS20MC56,9.68,6.34,6.61,5.77,7.1,4,30,90,-3.34,0.27000000000000046,0.04,2700,16
177,4PS20MC57,8.81,8.23,6.91,5.62,7.39,38,79,90,-0.5800000000000001,-1.3200000000000003,0.38,7110,1444
178,4PS20MC58,9.25,6.35,6.61,6.12,7.08,22,94,90,-2.9000000000000004,0.2600000000000007,0.22,8460,484
179,4PS20MC59,7.67,7.52,9.19,8.55,8.23,55,66,90,-0.15000000000000036,1.67,0.55,5940,3025
180,4PS20MC60,5.67,7.74,9.97,6.99,7.59,31,82,90,2.0700000000000003,2.2300000000000004,0.31,7380,961
181,4PS21MC01,6.21,9.9,9.98,5.94,8.01,12,5,90,3.6900000000000004,0.08000000000000007,0.12,450,144
182,4PS21MC02,6.32,5.61,6.88,9.41,7.06,90,25,90,-0.71,1.2699999999999996,0.9,2250,8100
183,4PS21MC03,8.37,8.05,6.74,9.1,8.07,49,89,90,-0.3199999999999985,-1.3100000000000005,0.49,8010,2401
184,4PS21MC04,8.35,9.87,8.05,8.16,8.61,58,6,90,1.5199999999999996,-1.8199999999999985,0.58,540,3364
185,4PS21MC05,9.62,6.26,7.45,9.55,8.22,33,44,90,-3.3599999999999994,1.1900000000000004,0.33,3960,1089
186,4PS21MC06,8.34,7.91,5.71,9.7,7.92,57,17,90,-0.4299999999999997,-2.2,0.57,1530,3249
187,4PS21MC07,9.98,7.1,9.2,9.43,8.93,84,17,90,-2.880000000000001,2.0999999999999996,0.84,1530,7056
188,4PS21MC08,8.78,9.93,6.43,9.89,8.76,72,90,90,1.1500000000000004,-3.5,0.72,8100,5184
189,4PS21MC09,5.84,8.61,9.13,6.05,7.41,29,98,90,2.7699999999999996,0.5200000000000014,0.29,8820,841
190,4PS21MC10,6.49,7.8,7.72,9.99,8.0,89,95,90,1.3099999999999996,-0.08000000000000007,0.89,8550,7921
191,4PS21MC11,6.57,6.14,9.47,5.65,6.96,86,12,90,-0.4300000000000006,3.330000000000001,0.86,1080,7396
192,4PS21MC12,6.66,5.78,7.69,8.48,7.15,80,5,90,-0.8799999999999999,1.9100000000000001,0.8,450,6400
193,4PS21MC13,7.71,7.38,6.71,7.62,7.36,57,89,90,-0.33000000000000007,-0.6699999999999999,0.57,8010,3249
194,4PS21MC14,5.51,7.17,9.46,6.05,7.05,30,15,90,1.6600000000000001,2.290000000000001,0.3,1350,900
195,4PS21MC15,6.0,7.47,8.34,6.49,7.07,28,46,90,1.4699999999999998,0.8700000000000001,0.28,4140,784
196,4PS21MC16,7.12,6.31,8.38,8.63,7.61,57,13,90,-0.8100000000000005,2.070000000000001,0.57,1170,3249
197,4PS21MC17,8.85,9.59,8.99,6.91,8.59,3,18,90,0.7400000000000002,-0.5999999999999996,0.03,1620,9
198,4PS21MC18,9.43,8.81,9.97,8.48,9.17,53,86,90,-0.6199999999999992,1.1600000000000001,0.53,7740,2809
199,4PS21MC19,5.56,8.39,6.57,8.15,7.17,82,47,90,2.830000000000001,-1.8200000000000003,0.82,4230,6724
200,4PS21MC20,7.66,8.6,8.37,8.19,8.2,70,2,90,0.9399999999999995,-0.23000000000000043,0.7,180,4900
201,4PS21MC21,9.22,9.95,7.85,6.41,8.36,36,81,90,0.7299999999999986,-2.0999999999999996,0.36,7290,1296
202,4PS21MC22,7.0,7.99,8.94,9.27,8.3,76,86,90,0.9900000000000002,0.9499999999999993,0.76,7740,5776
203,4PS21MC23,6.25,9.29,8.77,6.95,7.82,67,52,90,3.039999999999999,-0.5199999999999996,0.67,4680,4489
204,4PS21MC24,6.87,9.45,8.51,9.39,8.56,76,53,90,2.579999999999999,-0.9399999999999995,0.76,4770,5776
205,4PS21MC25,6.94,7.09,6.25,7.95,7.06,56,82,90,0.14999999999999947,-0.8399999999999999,0.56,7380,3136
206,4PS21MC26,9.81,7.53,9.82,9.95,9.28,4,32,90,-2.2800000000000002,2.29,0.04,2880,16
207,4PS21MC27,6.52,7.52,8.72,9.94,8.17,66,89,90,1.0,1.200000000000001,0.66,8010,4356
208,4PS21MC28,9.24,7.63,8.72,9.33,8.73,49,15,90,-1.6100000000000003,1.0900000000000007,0.49,1350,2401
209,4PS21MC29,7.08,6.94,6.63,6.84,6.87,85,9,90,-0.13999999999999968,-0.3100000000000005,0.85,810,7225
210,4PS21MC30,6.57,7.46,8.46,7.56,7.51,4,42,90,0.8899999999999997,1.0000000000000009,0.04,3780,16
211,4PS21MC31,6.98,8.13,9.34,8.76,8.3,24,39,90,1.1500000000000004,1.209999999999999,0.24,3510,576
212,4PS21MC32,5.65,6.33,7.59,9.29,7.22,48,9,90,0.6799999999999997,1.2599999999999998,0.48,810,2304
213,4PS21MC33,8.95,7.82,6.84,7.23,7.71,84,93,90,-1.129999999999999,-0.9800000000000004,0.84,8370,7056
214,4PS21MC34,8.75,9.88,6.51,6.33,7.87,27,19,90,1.1300000000000008,-3.370000000000001,0.27,1710,729
215,4PS21MC35,6.75,6.02,7.92,9.36,7.51,19,82,90,-0.7300000000000004,1.9000000000000004,0.19,7380,361
216,4PS21MC36,7.2,6.99,7.79,6.34,7.08,63,69,90,-0.20999999999999996,0.7999999999999998,0.63,6210,3969
217,4PS21MC37,8.22,9.09,8.92,9.4,8.91,39,43,90,0.8699999999999992,-0.16999999999999993,0.39,3870,1521
218,4PS21MC38,6.72,7.63,7.84,6.97,7.29,22,97,90,0.9100000000000001,0.20999999999999996,0.22,8730,484
219,4PS21MC39,8.57,6.8,9.22,6.8,7.85,17,32,90,-1.7700000000000005,2.420000000000001,0.17,2880,289
220,4PS21MC40,9.47,9.04,9.44,6.83,8.69,89,15,90,-0.4300000000000015,0.40000000000000036,0.89,1350,7921
221,4PS21MC41,6.05,7.3,6.63,7.42,6.85,71,84,90,1.25,-0.6699999999999999,0.71,7560,5041
222,4PS21MC42,8.25,6.51,6.37,7.11,7.06,12,1,90,-1.7400000000000002,-0.13999999999999968,0.12,90,144
223,4PS21MC43,8.06,8.35,9.0,9.16,8.64,91,55,90,0.28999999999999915,0.6500000000000004,0.91,4950,8281
224,4PS21MC44,5.61,9.34,6.73,7.32,7.25,70,81,90,3.7299999999999995,-2.6099999999999994,0.7,7290,4900
225,4PS21MC45,5.85,7.99,8.19,5.65,6.92,29,80,90,2.1400000000000006,0.1999999999999993,0.29,7200,841
226,4PS21MC46,6.11,6.61,7.19,9.73,7.41,54,100,90,0.5,0.5800000000000001,0.54,9000,2916
227,4PS21MC47,5.88,6.59,9.14,9.94,7.89,91,70,90,0.71,2.5500000000000007,0.91,6300,8281
228,4PS21MC48,7.68,8.64,8.69,6.5,7.88,94,52,90,0.9600000000000009,0.049999999999998934,0.94,4680,8836
229,4PS21MC49,7.41,9.61,5.66,7.61,7.57,23,85,90,2.1999999999999993,-3.9499999999999993,0.23,7650,529
230,4PS21MC50,9.75,8.57,7.72,6.04,8.02,86,34,90,-1.1799999999999997,-0.8500000000000005,0.86,3060,7396
231,4PS21MC51,6.64,8.62,9.85,6.97,8.02,52,61,90,1.9799999999999995,1.2300000000000004,0.52,5490,2704
232,4PS21MC52,9.99,6.86,9.51,5.6,7.99,12,49,90,-3.13,2.6499999999999995,0.12,4410,144
233,4PS21MC53,9.43,8.76,9.3,9.04,9.13,77,70,90,-0.6699999999999999,0.5400000000000009,0.77,6300,5929
234,4PS21MC54,5.61,6.7,6.81,8.53,6.91,75,66,90,1.0899999999999999,0.10999999999999943,0.75,5940,5625
235,4PS21MC55,9.89,8.03,5.81,6.16,7.47,1,76,90,-1.8600000000000012,-2.2199999999999998,0.01,6840,1
236,4PS21MC56,7.59,9.7,6.41,9.87,8.39,69,21,90,2.1099999999999994,-3.289999999999999,0.69,1890,4761
237,4PS21MC57,7.64,8.99,8.62,6.52,7.94,100,46,90,1.3500000000000005,-0.370000000000001,1.0,4140,10000
238,4PS21MC58,6.04,7.12,7.7,6.53,6.85,77,84,90,1.08,0.5800000000000001,0.77,7560,5929
239,4PS21MC59,7.81,6.73,5.63,9.49,7.41,21,9,90,-1.0799999999999992,-1.1000000000000005,0.21,810,441
240,4PS21MC60,9.74,6.38,9.62,8.71,8.61,40,46,90,-3.3600000000000003,3.2399999999999993,0.4,4140,1600
241,4PS22MC01,8.58,8.97,6.11,9.1,8.19,96,18,90,0.39000000000000057,-2.8600000000000003,0.96,1620,9216
242,4PS22MC02,6.9,7.75,6.51,7.11,7.07,35,6,90,0.8499999999999996,-1.2400000000000002,0.35,540,1225
243,4PS22MC03,6.85,7.19,7.52,6.8,7.09,18,12,90,0.34000000000000075,0.3299999999999992,0.18,1080,324
244,4PS22MC04,9.06,5.63,6.17,6.9,6.94,84,93,90,-3.4300000000000006,0.54,0.84,8370,7056
245,4PS22MC05,6.29,6.01,8.84,7.59,7.18,53,82,90,-0.28000000000000025,2.83,0.53,7380,2809
246,4PS22MC06,6.08,5.84,6.09,7.33,6.33,76,27,90,-0.2400000000000002,0.25,0.76,2430,5776
247,4PS22MC07,9.54,7.24,8.1,6.79,7.92,89,17,90,-2.299999999999999,0.8599999999999994,0.89,1530,7921
248,4PS22MC08,7.1,8.18,9.6,5.79,7.67,48,52,90,1.08,1.42,0.48,4680,2304
249,4PS22MC09,6.23,6.29,8.13,7.45,7.02,14,74,90,0.05999999999999961,1.8400000000000007,0.14,6660,196
250,4PS22MC10,8.09,7.27,7.2,8.78,7.83,16,93,90,-0.8200000000000003,-0.0699999999999994,0.16,8370,256
251,4PS22MC11,8.82,8.66,6.82,7.66,7.99,3,62,90,-0.16000000000000014,-1.8399999999999999,0.03,5580,9
252,4PS22MC12,8.49,9.5,6.01,6.65,7.66,72,16,90,1.0099999999999998,-3.49,0.72,1440,5184
253,4PS22MC13,7.04,8.5,6.84,7.5,7.47,92,39,90,1.46,-1.6600000000000001,0.92,3510,8464
254,4PS22MC14,8.5,9.15,9.42,7.65,8.68,14,39,90,0.6500000000000004,0.2699999999999996,0.14,3510,196
255,4PS22MC15,6.41,8.39,9.59,7.39,7.94,55,70,90,1.9800000000000004,1.1999999999999993,0.55,6300,3025
256,4PS22MC16,8.69,6.45,5.55,5.94,6.66,83,52,90,-2.2399999999999993,-0.9000000000000004,0.83,4680,6889
257,4PS22MC17,7.15,9.53,7.98,7.82,8.12,29,57,90,2.379999999999999,-1.549999999999999,0.29,5130,841
258,4PS22MC18,9.23,8.88,9.06,5.78,8.24,40,99,90,-0.34999999999999964,0.17999999999999972,0.4,8910,1600
259,4PS22MC19,5.74,9.5,8.04,7.55,7.71,10,96,90,3.76,-1.4600000000000009,0.1,8640,100
260,4PS22MC20,5.94,7.39,6.41,6.7,6.61,22,96,90,1.4499999999999993,-0.9799999999999995,0.22,8640,484
261,4PS22MC21,7.73,8.76,8.43,7.6,8.13,71,28,90,1.0299999999999994,-0.33000000000000007,0.71,2520,5041
262,4PS22MC22,8.44,7.16,8.3,9.0,8.22,100,90,90,-1.2799999999999994,1.1400000000000006,1.0,8100,10000
263,4PS22MC23,9.54,6.05,9.86,7.71,8.29,16,62,90,-3.4899999999999993,3.8099999999999996,0.16,5580,256
264,4PS22MC24,6.44,6.85,7.21,7.98,7.12,20,28,90,0.40999999999999925,0.3600000000000003,0.2,2520,400
265,4PS22MC25,9.12,9.46,9.58,6.66,8.7,99,2,90,0.34000000000000163,0.11999999999999922,0.99,180,9801
266,4PS22MC26,9.22,8.65,6.8,8.76,8.36,31,43,90,-0.5700000000000003,-1.8500000000000005,0.31,3870,961
267,4PS22MC27,6.19,8.51,6.92,7.18,7.2,68,8,90,2.3199999999999994,-1.5899999999999999,0.68,720,4624
268,4PS22MC28,8.92,6.47,6.49,8.91,7.7,36,86,90,-2.45,0.020000000000000462,0.36,7740,1296
269,4PS22MC29,8.54,8.3,6.16,6.2,7.3,33,43,90,-0.23999999999999844,-2.1400000000000006,0.33,3870,1089
270,4PS22MC30,7.66,8.96,8.17,9.59,8.59,17,3,90,1.3000000000000007,-0.7900000000000009,0.17,270,289
271,4PS22MC31,9.21,7.38,7.95,7.32,7.96,3,3,90,-1.830000000000001,0.5700000000000003,0.03,270,9
272,4PS22MC32,9.37,6.06,7.01,5.54,6.99,61,28,90,-3.3099999999999996,0.9500000000000002,0.61,2520,3721
273,4PS22MC33,7.39,7.06,8.07,9.08,7.9,100,28,90,-0.33000000000000007,1.0100000000000007,1.0,2520,10000
274,4PS22MC34,7.59,7.99,7.66,6.74,7.5,27,46,90,0.40000000000000036,-0.33000000000000007,0.27,4140,729
275,4PS22MC35,6.91,7.83,8.45,9.6,8.2,54,4,90,0.9199999999999999,0.6199999999999992,0.54,360,2916
276,4PS22MC36,7.94,9.04,9.58,8.12,8.67,4,6,90,1.0999999999999988,0.5400000000000009,0.04,540,16
277,4PS22MC37,9.31,7.33,8.22,6.89,7.94,24,67,90,-1.9800000000000004,0.8900000000000006,0.24,6030,576
278,4PS22MC38,6.26,7.78,7.81,7.66,7.38,100,48,90,1.5200000000000005,0.02999999999999936,1.0,4320,10000
279,4PS22MC39,7.42,6.12,7.95,7.54,7.26,15,61,90,-1.2999999999999998,1.83,0.15,5490,225
280,4PS22MC40,7.87,7.15,6.48,9.41,7.73,28,8,90,-0.7199999999999998,-0.6699999999999999,0.28,720,784
281,4PS22MC41,9.89,6.73,7.36,9.92,8.48,91,37,90,-3.16,0.6299999999999999,0.91,3330,8281
282,4PS22MC42,8.79,7.8,8.09,8.15,8.21,52,27,90,-0.9899999999999993,0.29000000000000004,0.52,2430,2704
283,4PS22MC43,7.86,5.64,6.65,8.39,7.14,96,78,90,-2.2200000000000006,1.0100000000000007,0.96,7020,9216
284,4PS22MC44,9.03,7.96,9.73,9.89,9.15,19,13,90,-1.0699999999999994,1.7700000000000005,0.19,1170,361
285,4PS22MC45,9.95,9.08,8.36,6.23,8.41,93,7,90,-0.8699999999999992,-0.7200000000000006,0.93,630,8649
286,4PS22MC46,8.39,7.52,7.25,8.79,7.99,92,37,90,-0.870000000000001,-0.2699999999999996,0.92,3330,8464
287,4PS22MC47,7.57,7.26,7.07,9.12,7.75,39,32,90,-0.3100000000000005,-0.1899999999999995,0.39,2880,1521
288,4PS22MC48,7.96,6.0,6.15,7.38,6.87,45,1,90,-1.96,0.15000000000000036,0.45,90,2025
289,4PS22MC49,6.33,8.98,9.44,6.6,7.84,29,86,90,2.6500000000000004,0.4599999999999991,0.29,7740,841
290,4PS22MC50,9.18,8.83,6.52,6.05,7.64,68,57,90,-0.34999999999999964,-2.3100000000000005,0.68,5130,4624
291,4PS22MC51,9.47,8.37,9.12,8.42,8.85,91,8,90,-1.1000000000000014,0.75,0.91,720,8281
292,4PS22MC52,9.15,5.8,9.75,6.62,7.83,8,36,90,-3.3500000000000005,3.95,0.08,3240,64
293,4PS22MC53,9.15,8.19,6.18,9.53,8.26,67,10,90,-0.9600000000000009,-2.01,0.67,900,4489
294,4PS22MC54,6.63,9.68,9.08,7.9,8.32,29,50,90,3.05,-0.5999999999999996,0.29,4500,841
295,4PS22MC55,8.25,6.65,9.36,6.61,7.72,32,83,90,-1.5999999999999996,2.709999999999999,0.32,7470,1024
296,4PS22MC56,8.23,8.29,9.74,8.73,8.75,62,9,90,0.05999999999999872,1.450000000000001,0.62,810,3844
297,4PS22MC57,7.27,5.8,8.09,9.86,7.76,66,6,90,-1.4699999999999998,2.29,0.66,540,4356
298,4PS22MC58,8.15,5.78,6.38,9.79,7.52,6,59,90,-2.37,0.5999999999999996,0.06,5310,36
299,4PS22MC59,9.0,8.06,9.7,6.08,8.21,48,69,90,-0.9399999999999995,1.6399999999999988,0.48,6210,2304
300,4PS22MC60,6.63,6.76,8.21,6.18,6.94,52,95,90,0.1299999999999999,1.450000000000001,0.52,8550,2704
301,4PS18MC01,6.9,6.49,7.14,9.2,7.43,11,86,90,-0.41000000000000014,0.6499999999999995,0.11,7740,121
302,4PS18MC02,5.62,9.52,9.06,8.15,8.09,49,76,90,3.8999999999999995,-0.4599999999999991,0.49,6840,2401
303,4PS18MC03,8.22,5.99,7.29,6.3,6.95,93,21,90,-2.2300000000000004,1.2999999999999998,0.93,1890,8649
304,4PS18MC04,9.85,9.83,5.53,7.74,8.24,68,72,90,-0.019999999999999574,-4.3,0.68,6480,4624
305,4PS18MC05,8.96,8.92,5.98,7.94,7.95,59,70,90,-0.040000000000000924,-2.9399999999999995,0.59,6300,3481
306,4PS18MC06,7.53,9.53,8.64,9.35,8.76,66,61,90,1.9999999999999991,-0.8899999999999988,0.66,5490,4356
307,4PS18MC07,9.53,6.53,6.07,9.75,7.97,88,28,90,-2.999999999999999,-0.45999999999999996,0.88,2520,7744
308,4PS18MC08,6.19,5.82,8.98,9.11,7.52,48,64,90,-0.3700000000000001,3.16,0.48,5760,2304
309,4PS18MC09,6.66,6.98,6.23,8.92,7.2,23,79,90,0.3200000000000003,-0.75,0.23,7110,529
310,4PS18MC10,5.97,9.66,8.36,8.18,8.04,27,92,90,3.6900000000000004,-1.3000000000000007,0.27,8280,729
311,4PS18MC11,7.56,9.47,8.85,7.61,8.37,77,1,90,1.910000000000001,-0.620000000000001,0.77,90,5929
312,4PS18MC12,6.31,8.18,6.73,8.07,7.32,29,20,90,1.87,-1.4499999999999993,0.29,1800,841
313,4PS18MC13,7.39,6.37,7.29,5.82,6.72,22,42,90,-1.0199999999999996,0.9199999999999999,0.22,3780,484
314,4PS18MC14,5.51,7.58,6.8,9.29,7.3,50,83,90,2.0700000000000003,-0.7800000000000002,0.5,7470,2500
315,4PS18MC15,9.55,7.3,8.65,8.17,8.42,87,76,90,-2.250000000000001,1.3500000000000005,0.87,6840,7569
316,4PS18MC16,7.54,8.87,6.81,7.52,7.68,97,77,90,1.3299999999999992,-2.0599999999999996,0.97,6930,9409
317,4PS18MC17,5.87,7.29,8.0,8.42,7.4,61,85,90,1.42,0.71,0.61,7650,3721
318,4PS18MC18,7.25,9.57,6.87,7.95,7.91,88,65,90,2.3200000000000003,-2.7,0.88,5850,7744
319,4PS18MC19,7.37,7.82,5.51,5.79,6.62,36,55,90,0.4500000000000002,-2.3100000000000005,0.36,4950,1296
320,4PS18MC20,7.35,6.2,9.7,6.72,7.49,57,75,90,-1.1499999999999995,3.499999999999999,0.57,6750,3249
321,4PS18MC21,6.67,8.36,8.37,9.89,8.32,43,28,90,1.6899999999999995,0.009999999999999787,0.43,2520,1849
322,4PS18MC22,5.78,6.03,6.04,7.62,6.37,25,31,90,0.25,0.009999999999999787,0.25,2790,625
323,4PS18MC23,7.07,7.03,6.04,9.56,7.43,69,44,90,-0.040000000000000036,-0.9900000000000002,0.69,3960,4761
324,4PS18MC24,8.99,6.62,6.84,5.72,7.04,70,11,90,-2.37,0.21999999999999975,0.7,990,4900
325,4PS18MC25,5.86,5.86,8.56,6.06,6.58,79,88,90,0.0,2.7,0.79,7920,6241
326,4PS18MC26,9.35,6.89,9.97,7.58,8.45,66,84,90,-2.46,3.080000000000001,0.66,7560,4356
327,4PS18MC27,7.03,5.56,7.11,8.01,6.93,49,55,90,-1.4700000000000006,1.5500000000000007,0.49,4950,2401
328,4PS18MC28,7.15,7.0,8.07,7.07,7.32,11,83,90,-0.15000000000000036,1.0700000000000003,0.11,7470,121
329,4PS18MC29,7.43,7.34,6.33,8.7,7.45,39,41,90,-0.08999999999999986,-1.0099999999999998,0.39,3690,1521
330,4PS18MC30,9.72,8.56,6.96,6.56,7.95,13,48,90,-1.1600000000000001,-1.6000000000000005,0.13,4320,169
331,4PS18MC31,5.51,8.41,8.45,9.43,7.95,92,45,90,2.9000000000000004,0.03999999999999915,0.92,4050,8464
332,4PS18MC32,6.76,5.61,9.6,6.99,7.24,19,26,90,-1.1499999999999995,3.9899999999999993,0.19,2340,361
333,4PS18MC33,7.26,9.05,6.23,7.74,7.57,41,25,90,1.790000000000001,-2.8200000000000003,0.41,2250,1681
334,4PS18MC34,6.4,9.15,9.12,7.2,7.97,89,73,90,2.75,-0.030000000000001137,0.89,6570,7921
335,4PS18MC35,8.54,6.36,8.66,9.26,8.2,36,24,90,-2.179999999999999,2.3,0.36,2160,1296
336,4PS18MC36,6.53,8.55,9.92,8.63,8.41,41,12,90,2.0200000000000005,1.3699999999999992,0.41,1080,1681
337,4PS18MC37,8.0,9.13,5.71,8.89,7.93,36,72,90,1.1300000000000008,-3.420000000000001,0.36,6480,1296
338,4PS18MC38,7.23,6.33,5.99,9.43,7.24,61,16,90,-0.9000000000000004,-0.33999999999999986,0.61,1440,3721
339,4PS18MC39,9.43,7.62,8.98,6.61,8.16,85,5,90,-1.8099999999999996,1.3600000000000003,0.85,450,7225
340,4PS18MC40,6.38,6.98,9.89,5.81,7.26,24,3,90,0.6000000000000005,2.91,0.24,270,576
341,4PS18MC41,6.16,5.64,7.84,8.96,7.15,16,93,90,-0.5200000000000005,2.2,0.16,8370,256
342,4PS18MC42,6.77,9.59,7.95,8.85,8.29,72,39,90,2.8200000000000003,-1.6399999999999997,0.72,3510,5184
343,4PS18MC43,7.13,9.16,9.5,8.2,8.5,94,30,90,2.0300000000000002,0.33999999999999986,0.94,2700,8836
344,4PS18MC44,6.42,6.21,6.4,9.13,7.04,2,98,90,-0.20999999999999996,0.1900000000000004,0.02,8820,4
345,4PS18MC45,8.5,5.99,5.73,5.53,6.44,99,93,90,-2.51,-0.2599999999999998,0.99,8370,9801
346,4PS18MC46,6.41,9.73,5.91,8.31,7.59,27,18,90,3.3200000000000003,-3.8200000000000003,0.27,1620,729
347,4PS18MC47,7.81,9.2,7.73,7.43,8.04,51,57,90,1.3899999999999997,-1.4699999999999989,0.51,5130,2601
348,4PS18MC48,5.79,7.17,6.81,6.57,6.58,7,90,90,1.38,-0.3600000000000003,0.07,8100,49
349,4PS18MC49,9.78,6.44,6.65,8.26,7.78,60,42,90,-3.339999999999999,0.20999999999999996,0.6,3780,3600
350,4PS18MC50,8.29,7.49,9.63,9.02,8.61,18,30,90,-0.7999999999999989,2.1400000000000006,0.18,2700,324
351,4PS18MC51,8.93,6.89,8.61,7.28,7.93,98,70,90,-2.04,1.7199999999999998,0.98,6300,9604
352,4PS18MC52,9.24,8.95,7.39,6.33,7.98,75,19,90,-0.2900000000000009,-1.5599999999999996,0.75,1710,5625
353,4PS18MC53,5.86,8.02,9.31,9.03,8.06,4,91,90,2.1599999999999993,1.290000000000001,0.04,8190,16
354,4PS18MC54,8.8,8.49,5.93,6.95,7.54,77,36,90,-0.3100000000000005,-2.5600000000000005,0.77,3240,5929
355,4PS18MC55,7.37,6.86,8.75,5.77,7.19,78,37,90,-0.5099999999999998,1.8899999999999997,0.78,3330,6084
356,4PS18MC56,7.5,5.53,7.9,9.78,7.68,64,35,90,-1.9699999999999998,2.37,0.64,3150,4096
357,4PS18MC57,8.8,6.84,6.9,8.03,7.64,44,48,90,-1.9600000000000009,0.0600000000000005,0.44,4320,1936
358,4PS18MC58,6.04,9.55,7.39,7.6,7.64,68,1,90,3.5100000000000007,-2.160000000000001,0.68,90,4624
359,4PS18MC59,8.43,8.78,9.03,8.92,8.79,22,45,90,0.34999999999999964,0.25,0.22,4050,484
360,4PS18MC60,9.13,6.98,5.83,9.99,7.98,93,67,90,-2.1500000000000004,-1.1500000000000004,0.93,6030,8649
361,4PS19MC01,7.76,8.43,7.24,5.51,7.24,1,54,90,0.6699999999999999,-1.1899999999999995,0.01,4860,1
362,4PS19MC02,9.84,8.3,8.52,7.5,8.54,48,32,90,-1.5399999999999991,0.21999999999999886,0.48,2880,2304
363,4PS19MC03,7.81,9.31,7.69,7.62,8.11,73,7,90,1.5000000000000009,-1.62,0.73,630,5329
364,4PS19MC04,8.77,5.75,9.85,8.95,8.33,60,99,90,-3.0199999999999996,4.1,0.6,8910,3600
365,4PS19MC05,6.22,7.25,8.53,8.86,7.72,11,32,90,1.0300000000000002,1.2799999999999994,0.11,2880,121
366,4PS19MC06,5.96,7.84,6.95,7.75,7.12,73,60,90,1.88,-0.8899999999999997,0.73,5400,5329
367,4PS19MC07,9.88,9.62,7.29,7.68,8.62,77,13,90,-0.26000000000000156,-2.329999999999999,0.77,1170,5929
368,4PS19MC08,6.31,8.05,8.23,7.91,7.62,48,69,90,1.740000000000001,0.17999999999999972,0.48,6210,2304
369,4PS19MC09,8.54,9.61,7.05,7.25,8.11,90,98,90,1.0700000000000003,-2.5599999999999996,0.9,8820,8100
370,4PS19MC10,9.25,9.48,8.63,8.41,8.94,88,68,90,0.23000000000000043,-0.8499999999999996,0.88,6120,7744
371,4PS19MC11,6.53,7.14,7.02,8.49,7.3,95,34,90,0.6099999999999994,-0.1200000000000001,0.95,3060,9025
372,4PS19MC12,8.75,8.02,8.18,7.31,8.06,28,21,90,-0.7300000000000004,0.16000000000000014,0.28,1890,784
373,4PS19MC13,8.29,7.96,9.83,6.57,8.16,83,93,90,-0.3299999999999992,1.87,0.83,8370,6889
374,4PS19MC14,8.39,9.93,9.08,7.51,8.73,8,60,90,1.5399999999999991,-0.8499999999999996,0.08,5400,64
375,4PS19MC15,9.49,8.91,7.21,6.72,8.08,9,82,90,-0.5800000000000001,-1.7000000000000002,0.09,7380,81
376,4PS19MC16,9.96,7.09,8.26,8.56,8.47,4,1,90,-2.870000000000001,1.17,0.04,90,16
377,4PS19MC17,7.37,8.51,7.46,5.89,7.31,50,47,90,1.1399999999999997,-1.0499999999999998,0.5,4230,2500
378,4PS19MC18,6.38,6.5,8.47,8.44,7.45,20,68,90,0.1200000000000001,1.9700000000000006,0.2,6120,400
379,4PS19MC19,6.42,7.75,7.16,8.11,7.36,12,68,90,1.33,-0.5899999999999999,0.12,6120,144
380,4PS19MC20,8.72,8.2,8.83,8.9,8.66,20,81,90,-0.5200000000000014,0.6300000000000008,0.2,7290,400
381,4PS19MC21,9.95,6.61,6.18,7.08,7.46,83,68,90,-3.339999999999999,-0.4300000000000006,0.83,6120,6889
382,4PS19MC22,8.59,6.61,9.16,8.3,8.16,53,17,90,-1.9799999999999995,2.55,0.53,1530,2809
383,4PS19MC23,6.37,9.3,8.45,8.96,8.27,67,24,90,2.9300000000000006,-0.8500000000000014,0.67,2160,4489
384,4PS19MC24,6.47,9.31,8.75,9.71,8.56,16,78,90,2.8400000000000007,-0.5600000000000005,0.16,7020,256
385,4PS19MC25,6.95,5.52,9.46,8.54,7.62,94,48,90,-1.4300000000000006,3.9400000000000013,0.94,4320,8836
386,4PS19MC26,7.86,5.85,9.65,5.59,7.24,25,21,90,-2.0100000000000007,3.8000000000000007,0.25,1890,625
387,4PS19MC27,9.6,8.37,6.95,9.37,8.57,33,74,90,-1.2300000000000004,-1.419999999999999,0.33,6660,1089
388,4PS19MC28,8.7,8.57,6.89,9.33,8.37,57,24,90,-0.129999999999999,-1.6800000000000006,0.57,2160,3249
389,4PS19MC29,5.92,7.84,6.03,5.96,6.44,81,2,90,1.92,-1.8099999999999996,0.81,180,6561
390,4PS19MC30,7.97,9.57,9.69,8.73,8.99,88,36,90,1.6000000000000005,0.11999999999999922,0.88,3240,7744
391,4PS19MC31,7.27,5.74,6.34,9.62,7.24,66,74,90,-1.5299999999999994,0.5999999999999996,0.66,6660,4356
392,4PS19MC32,7.44,9.72,9.8,9.23,9.05,16,17,90,2.2800000000000002,0.08000000000000007,0.16,1530,256
393,4PS19MC33,9.21,7.12,6.67,9.22,8.06,1,60,90,-2.0900000000000007,-0.4500000000000002,0.01,5400,1
394,4PS19MC34,6.84,9.54,8.51,6.23,7.78,76,61,90,2.6999999999999993,-1.0299999999999994,0.76,5490,5776
395,4PS19MC35,8.25,5.6,8.09,7.1,7.26,16,87,90,-2.6500000000000004,2.49,0.16,7830,256
396,4PS19MC36,9.65,8.92,8.26,8.31,8.78,43,84,90,-0.7300000000000004,-0.6600000000000001,0.43,7560,1849
397,4PS19MC37,8.64,5.87,9.29,8.47,8.07,54,21,90,-2.7700000000000005,3.419999999999999,0.54,1890,2916
398,4PS19MC38,6.02,6.16,8.9,7.29,7.09,59,21,90,0.14000000000000057,2.74,0.59,1890,3481
399,4PS19MC39,9.32,8.02,6.73,9.38,8.36,45,68,90,-1.3000000000000007,-1.2899999999999991,0.45,6120,2025
400,4PS19MC40,9.64,8.71,7.64,6.68,8.17,70,12,90,-0.9299999999999997,-1.0700000000000012,0.7,1080,4900
401,4PS19MC41,6.21,9.1,5.97,5.92,6.8,86,62,90,2.8899999999999997,-3.13,0.86,5580,7396
402,4PS19MC42,7.38,8.2,7.59,9.97,8.28,2,11,90,0.8199999999999994,-0.6099999999999994,0.02,990,4
403,4PS19MC43,7.58,6.11,5.57,8.32,6.9,54,56,90,-1.4699999999999998,-0.54,0.54,5040,2916
404,4PS19MC44,7.65,9.18,9.42,8.3,8.64,47,27,90,1.5299999999999994,0.2400000000000002,0.47,2430,2209
405,4PS19MC45,7.87,7.53,8.44,7.05,7.72,65,94,90,-0.33999999999999986,0.9099999999999993,0.65,8460,4225
406,4PS19MC46,5.95,9.29,6.43,9.2,7.72,27,94,90,3.339999999999999,-2.8599999999999994,0.27,8460,729
407,4PS19MC47,9.38,5.8,6.6,8.64,7.6,73,93,90,-3.580000000000001,0.7999999999999998,0.73,8370,5329
408,4PS19MC48,8.72,7.59,7.36,8.02,7.92,26,7,90,-1.1300000000000008,-0.22999999999999954,0.26,630,676
409,4PS19MC49,8.3,9.79,5.57,7.68,7.84,34,82,90,1.4899999999999984,-4.219999999999999,0.34,7380,1156
410,4PS19MC50,9.18,7.58,9.57,8.39,8.68,43,28,90,-1.5999999999999996,1.9900000000000002,0.43,2520,1849
411,4PS19MC51,7.48,8.68,9.27,8.41,8.46,24,78,90,1.1999999999999993,0.5899999999999999,0.24,7020,576
412,4PS19MC52,9.29,6.85,6.0,8.81,7.74,30,38,90,-2.4399999999999995,-0.8499999999999996,0.3,3420,900
413,4PS19MC53,6.13,7.21,8.05,7.53,7.23,91,32,90,1.08,0.8400000000000007,0.91,2880,8281
414,4PS19MC54,8.33,6.15,5.59,9.78,7.46,48,25,90,-2.1799999999999997,-0.5600000000000005,0.48,2250,2304
415,4PS19MC55,8.14,6.39,9.42,6.45,7.6,10,30,90,-1.7500000000000009,3.0300000000000002,0.1,2700,100
416,4PS19MC56,9.73,5.85,7.13,6.51,7.3,57,71,90,-3.880000000000001,1.2800000000000002,0.57,6390,3249
417,4PS19MC57,8.38,9.37,7.13,9.61,8.62,72,90,90,0.9899999999999984,-2.2399999999999993,0.72,8100,5184
418,4PS19MC58,6.9,8.81,9.45,6.0,7.79,46,85,90,1.9100000000000001,0.6399999999999988,0.46,7650,2116
419,4PS19MC59,9.78,8.51,5.75,9.84,8.47,81,57,90,-1.2699999999999996,-2.76,0.81,5130,6561
420,4PS19MC60,7.24,6.7,8.41,8.74,7.77,37,29,90,-0.54,1.71,0.37,2610,1369
421,4PS20MC01,5.87,8.48,8.44,9.81,8.15,32,32,90,2.6100000000000003,-0.040000000000000924,0.32,2880,1024
422,4PS20MC02,7.82,8.43,8.47,6.44,7.79,97,57,90,0.6099999999999994,0.040000000000000924,0.97,5130,9409
423,4PS20MC03,8.39,9.05,5.82,5.63,7.22,46,40,90,0.6600000000000001,-3.2300000000000004,0.46,3600,2116
424,4PS20MC04,9.74,9.7,7.28,9.55,9.07,52,15,90,-0.040000000000000924,-2.419999999999999,0.52,1350,2704
425,4PS20MC05,8.03,8.09,6.32,6.97,7.35,35,76,90,0.0600000000000005,-1.7699999999999996,0.35,6840,1225
426,4PS20MC06,6.32,7.84,7.12,5.81,6.77,90,21,90,1.5199999999999996,-0.7199999999999998,0.9,1890,8100
427,4PS20MC07,6.76,9.86,5.7,7.91,7.56,100,23,90,3.0999999999999996,-4.159999999999999,1.0,2070,10000
428,4PS20MC08,6.9,9.0,6.68,9.62,8.05,48,95,90,2.0999999999999996,-2.3200000000000003,0.48,8550,2304
429,4PS20MC09,9.37,9.4,6.45,7.85,8.27,81,74,90,0.030000000000001137,-2.95,0.81,6660,6561
430,4PS20MC10,9.27,5.67,8.18,9.3,8.1,70,24,90,-3.5999999999999996,2.51,0.7,2160,4900
431,4PS20MC11,7.4,6.85,6.47,8.11,7.21,94,73,90,-0.5500000000000007,-0.3799999999999999,0.94,6570,8836
432,4PS20MC12,9.76,6.79,9.98,6.4,8.23,80,53,90,-2.9699999999999998,3.1900000000000004,0.8,4770,6400
433,4PS20MC13,7.56,9.35,9.71,8.3,8.73,88,76,90,1.79,0.3600000000000012,0.88,6840,7744
434,4PS20MC14,6.45,7.5,9.68,7.71,7.84,73,22,90,1.0499999999999998,2.1799999999999997,0.73,1980,5329
435,4PS20MC15,5.93,8.37,6.87,7.68,7.21,66,22,90,2.4399999999999995,-1.4999999999999991,0.66,1980,4356
436,4PS20MC16,8.58,9.58,8.96,9.26,9.1,49,94,90,1.0,-0.6199999999999992,0.49,8460,2401
437,4PS20MC17,7.45,7.33,8.37,8.66,7.95,99,13,90,-0.1200000000000001,1.0399999999999991,0.99,1170,9801
438,4PS20MC18,5.84,9.4,8.42,8.9,8.14,72,34,90,3.5600000000000005,-0.9800000000000004,0.72,3060,5184
439,4PS20MC19,6.97,9.14,5.52,8.6,7.56,75,96,90,2.170000000000001,-3.620000000000001,0.75,8640,5625
440,4PS20MC20,7.46,7.36,7.76,9.56,8.04,62,6,90,-0.09999999999999964,0.39999999999999947,0.62,540,3844
441,4PS20MC21,5.79,5.71,8.38,7.25,6.78,2,19,90,-0.08000000000000007,2.670000000000001,0.02,1710,4
442,4PS20MC22,6.24,9.93,5.76,7.83,7.44,59,40,90,3.6899999999999995,-4.17,0.59,3600,3481
443,4PS20MC23,6.91,9.47,8.12,9.74,8.56,67,65,90,2.5600000000000005,-1.3500000000000014,0.67,5850,4489
444,4PS20MC24,7.73,6.13,9.81,9.52,8.3,33,47,90,-1.6000000000000005,3.6800000000000006,0.33,4230,1089
445,4PS20MC25,6.68,6.02,8.49,8.96,7.54,80,75,90,-0.6600000000000001,2.4700000000000006,0.8,6750,6400
446,4PS20MC26,6.16,8.69,8.48,8.5,7.96,60,61,90,2.5299999999999994,-0.20999999999999908,0.6,5490,3600
447,4PS20MC27,8.78,8.21,8.54,8.13,8.42,21,27,90,-0.5699999999999985,0.3299999999999983,0.21,2430,441
448,4PS20MC28,8.6,7.21,7.99,6.24,7.51,15,31,90,-1.3899999999999997,0.7800000000000002,0.15,2790,225
449,4PS20MC29,9.71,5.61,6.78,9.69,7.95,26,54,90,-4.1000000000000005,1.17,0.26,4860,676
450,4PS20MC30,9.74,5.68,9.88,8.18,8.37,36,37,90,-4.0600000000000005,4.200000000000001,0.36,3330,1296
451,4PS20MC31,9.63,6.44,5.82,6.39,7.07,14,32,90,-3.1900000000000004,-0.6200000000000001,0.14,2880,196
452,4PS20MC32,8.96,5.78,6.76,8.45,7.49,21,75,90,-3.1800000000000006,0.9799999999999995,0.21,6750,441
453,4PS20MC33,8.75,6.22,5.87,9.36,7.55,8,27,90,-2.5300000000000002,-0.34999999999999964,0.08,2430,64
454,4PS20MC34,5.82,9.2,8.07,6.08,7.29,100,97,90,3.379999999999999,-1.129999999999999,1.0,8730,10000
455,4PS20MC35,7.74,8.02,7.8,8.27,7.96,58,24,90,0.27999999999999936,-0.21999999999999975,0.58,2160,3364
456,4PS20MC36,8.42,8.06,8.55,5.71,7.68,92,53,90,-0.35999999999999943,0.4900000000000002,0.92,4770,8464
457,4PS20MC37,6.41,5.63,6.25,7.16,6.36,88,56,90,-0.7800000000000002,0.6200000000000001,0.88,5040,7744
458,4PS20MC38,7.37,5.87,8.62,8.15,7.5,51,38,90,-1.5,2.749999999999999,0.51,3420,2601
459,4PS20MC39,8.69,8.47,7.54,6.53,7.81,53,98,90,-0.21999999999999886,-0.9300000000000006,0.53,8820,2809
460,4PS20MC40,6.45,8.82,7.26,9.48,8.0,48,83,90,2.37,-1.5600000000000005,0.48,7470,2304
461,4PS20MC41,9.61,5.58,6.49,6.48,7.04,48,94,90,-4.029999999999999,0.9100000000000001,0.48,8460,2304
462,4PS20MC42,7.05,8.58,6.43,7.32,7.34,96,40,90,1.5300000000000002,-2.1500000000000004,0.96,3600,9216
463,4PS20MC43,5.53,9.8,8.55,7.7,7.9,84,5,90,4.2700000000000005,-1.25,0.84,450,7056
464,4PS20MC44,7.5,7.41,8.71,8.72,8.09,17,6,90,-0.08999999999999986,1.3000000000000007,0.17,540,289
465,4PS20MC45,7.42,8.32,7.48,7.61,7.71,60,43,90,0.9000000000000004,-0.8399999999999999,0.6,3870,3600
466,4PS20MC46,8.23,6.2,6.55,5.71,6.67,38,38,90,-2.0300000000000002,0.34999999999999964,0.38,3420,1444
467,4PS20MC47,6.48,9.88,6.14,9.82,8.08,94,21,90,3.4000000000000004,-3.740000000000001,0.94,1890,8836
468,4PS20MC48,6.52,7.3,8.77,8.05,7.66,98,87,90,0.7800000000000002,1.4699999999999998,0.98,7830,9604
469,4PS20MC49,6.93,7.98,9.77,8.5,8.3,65,85,90,1.0500000000000007,1.7899999999999991,0.65,7650,4225
470,4PS20MC50,8.61,9.23,8.35,9.92,9.03,83,50,90,0.620000000000001,-0.8800000000000008,0.83,4500,6889
471,4PS20MC51,9.88,9.33,8.45,9.25,9.23,96,75,90,-0.5500000000000007,-0.8800000000000008,0.96,6750,9216
472,4PS20MC52,8.12,8.13,8.02,8.8,8.27,88,51,90,0.010000000000001563,-0.11000000000000121,0.88,4590,7744
473,4PS20MC53,5.6,8.78,7.92,5.89,7.05,49,27,90,3.1799999999999997,-0.8599999999999994,0.49,2430,2401
474,4PS20MC54,8.57,7.14,7.14,8.1,7.74,89,57,90,-1.4300000000000006,0.0,0.89,5130,7921
475,4PS20MC55,6.64,9.03,9.02,5.74,7.61,84,2,90,2.3899999999999997,-0.009999999999999787,0.84,180,7056
476,4PS20MC56,6.44,7.57,5.99,8.33,7.08,83,63,90,1.13,-1.58,0.83,5670,6889
477,4PS20MC57,5.79,6.02,8.2,8.93,7.24,58,12,90,0.22999999999999954,2.1799999999999997,0.58,1080,3364
478,4PS20MC58,6.39,8.32,8.42,6.59,7.43,73,12,90,1.9300000000000006,0.09999999999999964,0.73,1080,5329
479,4PS20MC59,6.09,7.71,5.88,9.2,7.22,68,62,90,1.62,-1.83,0.68,5580,4624
480,4PS20MC60,6.79,6.39,8.24,5.64,6.76,98,51,90,-0.40000000000000036,1.8500000000000005,0.98,4590,9604
481,4PS21MC01,7.47,5.78,9.65,8.51,7.85,31,41,90,-1.6899999999999995,3.87,0.31,3690,961
482,4PS21MC02,7.04,9.55,7.25,7.59,7.86,48,69,90,2.5100000000000007,-2.3000000000000007,0.48,6210,2304
483,4PS21MC03,5.86,9.88,8.95,5.57,7.56,72,73,90,4.0200000000000005,-0.9300000000000015,0.72,6570,5184
484,4PS21MC04,6.98,9.75,8.14,9.82,8.67,79,97,90,2.7699999999999996,-1.6099999999999994,0.79,8730,6241
485,4PS21MC05,5.65,7.05,8.89,7.85,7.36,31,28,90,1.3999999999999995,1.8400000000000007,0.31,2520,961
486,4PS21MC06,8.81,9.73,7.21,6.58,8.08,14,20,90,0.9199999999999999,-2.5200000000000005,0.14,1800,196
487,4PS21MC07,5.65,6.34,8.01,6.75,6.69,50,3,90,0.6899999999999995,1.67,0.5,270,2500
488,4PS21MC08,7.45,6.51,6.54,6.02,6.63,88,14,90,-0.9400000000000004,0.03000000000000025,0.88,1260,7744
489,4PS21MC09,7.56,9.94,6.18,9.37,8.26,76,21,90,2.38,-3.76,0.76,1890,5776
490,4PS21MC10,6.0,7.68,8.58,8.16,7.6,87,29,90,1.6799999999999997,0.9000000000000004,0.87,2610,7569
491,4PS21MC11,7.58,9.73,6.23,6.59,7.53,67,26,90,2.1500000000000004,-3.5,0.67,2340,4489
492,4PS21MC12,9.13,6.96,9.07,5.87,7.76,48,15,90,-2.170000000000001,2.1100000000000003,0.48,1350,2304
493,4PS21MC13,9.29,6.69,8.0,6.67,7.66,31,52,90,-2.5999999999999988,1.3099999999999996,0.31,4680,961
494,4PS21MC14,6.44,8.28,7.57,6.88,7.29,36,6,90,1.839999999999999,-0.7099999999999991,0.36,540,1296
495,4PS21MC15,7.7,8.0,8.03,8.34,8.02,29,82,90,0.2999999999999998,0.02999999999999936,0.29,7380,841
496,4PS21MC16,9.27,9.68,8.85,8.62,9.1,24,10,90,0.41000000000000014,-0.8300000000000001,0.24,900,576
497,4PS21MC17,7.47,9.82,5.77,6.05,7.28,75,98,90,2.3500000000000005,-4.050000000000001,0.75,8820,5625
498,4PS21MC18,5.97,8.98,9.9,9.16,8.5,85,25,90,3.0100000000000007,0.9199999999999999,0.85,2250,7225
499,4PS21MC19,8.25,9.13,6.51,9.99,8.47,80,69,90,0.8800000000000008,-2.620000000000001,0.8,6210,6400
500,4PS21MC20,5.7,6.57,8.1,9.6,7.49,36,54,90,0.8700000000000001,1.5299999999999994,0.36,4860,1296
501,4PS21MC21,5.76,7.46,8.14,9.91,7.82,42,97,90,1.7000000000000002,0.6800000000000006,0.42,8730,1764
502,4PS21MC22,8.24,6.64,6.82,7.57,7.32,61,5,90,-1.6000000000000005,0.1800000000000006,0.61,450,3721
503,4PS21MC23,7.84,8.11,8.97,8.54,8.36,86,4,90,0.2699999999999996,0.8600000000000012,0.86,360,7396
504,4PS21MC24,7.71,9.0,8.3,8.49,8.38,63,32,90,1.29,-0.6999999999999993,0.63,2880,3969
505,4PS21MC25,7.61,9.26,6.7,6.76,7.58,34,22,90,1.6499999999999995,-2.5599999999999996,0.34,1980,1156
506,4PS21MC26,7.58,9.12,6.75,8.81,8.06,89,74,90,1.5399999999999991,-2.369999999999999,0.89,6660,7921
507,4PS21MC27,7.43,9.52,5.67,6.05,7.17,89,39,90,2.09,-3.8499999999999996,0.89,3510,7921
508,4PS21MC28,5.84,9.5,6.35,8.75,7.61,37,10,90,3.66,-3.1500000000000004,0.37,900,1369
509,4PS21MC29,6.44,8.14,5.67,5.7,6.49,27,91,90,1.7000000000000002,-2.4700000000000006,0.27,8190,729
510,4PS21MC30,6.36,6.99,9.55,7.74,7.66,37,77,90,0.6299999999999999,2.5600000000000005,0.37,6930,1369
511,4PS21MC31,9.43,6.54,6.84,9.92,8.18,30,78,90,-2.8899999999999997,0.2999999999999998,0.3,7020,900
512,4PS21MC32,8.92,8.82,8.04,9.21,8.75,88,32,90,-0.09999999999999964,-0.7800000000000011,0.88,2880,7744
513,4PS21MC33,7.83,5.94,7.44,7.97,7.3,64,31,90,-1.8899999999999997,1.5,0.64,2790,4096
514,4PS21MC34,6.09,7.24,7.35,8.39,7.27,31,72,90,1.1500000000000004,0.10999999999999943,0.31,6480,961
515,4PS21MC35,7.7,8.78,9.24,6.68,8.1,30,86,90,1.0799999999999992,0.46000000000000085,0.3,7740,900
516,4PS21MC36,9.03,5.73,9.78,9.12,8.41,82,16,90,-3.299999999999999,4.049999999999999,0.82,1440,6724
517,4PS21MC37,7.9,9.07,7.79,5.64,7.6,84,71,90,1.17,-1.2800000000000002,0.84,6390,7056
518,4PS21MC38,8.26,6.04,6.35,8.62,7.32,43,3,90,-2.2199999999999998,0.3099999999999996,0.43,270,1849
519,4PS21MC39,7.83,6.28,8.36,5.97,7.11,92,55,90,-1.5499999999999998,2.079999999999999,0.92,4950,8464
520,4PS21MC40,6.38,6.31,9.33,7.23,7.31,96,36,90,-0.07000000000000028,3.0200000000000005,0.96,3240,9216
521,4PS21MC41,5.77,7.2,8.0,9.34,7.58,91,2,90,1.4300000000000006,0.7999999999999998,0.91,180,8281
522,4PS21MC42,5.95,8.41,6.76,6.97,7.02,24,96,90,2.46,-1.6500000000000004,0.24,8640,576
523,4PS21MC43,7.23,6.98,8.96,7.91,7.77,21,37,90,-0.25,1.9800000000000004,0.21,3330,441
524,4PS21MC44,6.34,8.9,6.8,7.23,7.32,32,42,90,2.5600000000000005,-2.1000000000000005,0.32,3780,1024
525,4PS21MC45,8.02,8.48,6.79,6.89,7.54,7,63,90,0.46000000000000085,-1.6900000000000004,0.07,5670,49
526,4PS21MC46,6.85,6.05,9.57,6.14,7.15,79,2,90,-0.7999999999999998,3.5200000000000005,0.79,180,6241
527,4PS21MC47,6.0,9.7,8.5,7.91,8.03,88,70,90,3.6999999999999993,-1.1999999999999993,0.88,6300,7744
528,4PS21MC48,5.87,5.75,9.16,8.28,7.26,12,68,90,-0.1200000000000001,3.41,0.12,6120,144
529,4PS21MC49,7.56,8.9,7.75,5.65,7.46,7,52,90,1.3400000000000007,-1.1500000000000004,0.07,4680,49
530,4PS21MC50,6.23,7.13,5.94,7.31,6.65,25,38,90,0.8999999999999995,-1.1899999999999995,0.25,3420,625
531,4PS21MC51,5.81,9.12,5.74,7.39,7.02,62,84,90,3.3099999999999996,-3.379999999999999,0.62,7560,3844
532,4PS21MC52,6.05,8.07,9.02,6.39,7.38,70,7,90,2.0200000000000005,0.9499999999999993,0.7,630,4900
533,4PS21MC53,7.5,6.14,9.05,6.62,7.33,31,29,90,-1.3600000000000003,2.910000000000001,0.31,2610,961
534,4PS21MC54,8.06,9.1,6.55,6.61,7.58,44,62,90,1.0399999999999991,-2.55,0.44,5580,1936
535,4PS21MC55,9.12,8.26,6.95,9.79,8.53,48,84,90,-0.8599999999999994,-1.3099999999999996,0.48,7560,2304
536,4PS21MC56,6.11,8.87,9.76,8.42,8.29,89,14,90,2.759999999999999,0.8900000000000006,0.89,1260,7921
537,4PS21MC57,9.06,6.46,9.75,8.46,8.43,26,6,90,-2.6000000000000005,3.29,0.26,540,676
538,4PS21MC58,8.42,8.38,6.03,8.72,7.89,34,85,90,-0.03999999999999915,-2.3500000000000005,0.34,7650,1156
539,4PS21MC59,9.66,7.33,9.47,8.98,8.86,65,53,90,-2.33,2.1400000000000006,0.65,4770,4225
540,4PS21MC60,7.92,7.57,9.58,9.38,8.61,76,30,90,-0.34999999999999964,2.01,0.76,2700,5776
541,4PS22MC01,9.59,8.19,5.72,6.1,7.4,53,72,90,-1.4000000000000004,-2.4699999999999998,0.53,6480,2809
542,4PS22MC02,9.7,9.21,7.64,5.6,8.04,44,58,90,-0.48999999999999844,-1.5700000000000012,0.44,5220,1936
543,4PS22MC03,5.53,7.86,8.26,5.82,6.87,30,81,90,2.33,0.39999999999999947,0.3,7290,900
544,4PS22MC04,5.67,6.85,9.34,6.3,7.04,62,47,90,1.1799999999999997,2.49,0.62,4230,3844
545,4PS22MC05,9.64,8.6,9.27,9.06,9.14,62,82,90,-1.040000000000001,0.6699999999999999,0.62,7380,3844
546,4PS22MC06,6.21,6.3,9.35,7.63,7.37,94,30,90,0.08999999999999986,3.05,0.94,2700,8836
547,4PS22MC07,9.7,9.53,5.54,6.36,7.78,96,80,90,-0.16999999999999993,-3.9899999999999993,0.96,7200,9216
548,4PS22MC08,6.23,6.52,7.01,9.88,7.41,37,70,90,0.28999999999999915,0.4900000000000002,0.37,6300,1369
549,4PS22MC09,8.81,6.18,7.21,8.47,7.67,73,61,90,-2.630000000000001,1.0300000000000002,0.73,5490,5329
550,4PS22MC10,9.3,5.54,8.85,6.44,7.53,55,44,90,-3.7600000000000007,3.3099999999999996,0.55,3960,3025
551,4PS22MC11,6.76,7.95,5.74,7.72,7.04,12,14,90,1.1900000000000004,-2.21,0.12,1260,144
552,4PS22MC12,5.61,8.57,6.99,8.8,7.49,20,67,90,2.96,-1.58,0.2,6030,400
553,4PS22MC13,6.34,6.96,5.82,5.71,6.21,60,24,90,0.6200000000000001,-1.1399999999999997,0.6,2160,3600
554,4PS22MC14,7.33,8.19,7.44,7.66,7.66,70,21,90,0.8599999999999994,-0.7499999999999991,0.7,1890,4900
555,4PS22MC15,9.02,8.59,6.22,9.27,8.27,52,11,90,-0.4299999999999997,-2.37,0.52,990,2704
556,4PS22MC16,9.24,9.42,5.55,9.76,8.49,75,21,90,0.17999999999999972,-3.87,0.75,1890,5625
557,4PS22MC17,9.04,6.09,5.93,8.87,7.48,75,45,90,-2.9499999999999993,-0.16000000000000014,0.75,4050,5625
558,4PS22MC18,8.82,6.55,8.46,6.79,7.66,32,99,90,-2.2700000000000005,1.910000000000001,0.32,8910,1024
559,4PS22MC19,6.22,6.78,9.91,7.47,7.6,58,13,90,0.5600000000000005,3.13,0.58,1170,3364
560,4PS22MC20,6.83,7.54,6.04,9.84,7.56,90,17,90,0.71,-1.5,0.9,1530,8100
561,4PS22MC21,7.6,9.92,7.3,9.93,8.69,74,95,90,2.3200000000000003,-2.62,0.74,8550,5476
562,4PS22MC22,9.04,6.6,8.29,7.97,7.98,33,16,90,-2.4399999999999995,1.6899999999999995,0.33,1440,1089
563,4PS22MC23,5.76,8.88,6.39,8.33,7.34,59,93,90,3.120000000000001,-2.490000000000001,0.59,8370,3481
564,4PS22MC24,7.71,7.9,8.64,6.68,7.73,53,37,90,0.1900000000000004,0.7400000000000002,0.53,3330,2809
565,4PS22MC25,6.93,7.11,5.71,9.23,7.24,70,36,90,0.1800000000000006,-1.4000000000000004,0.7,3240,4900
566,4PS22MC26,7.98,8.3,7.31,9.86,8.36,64,6,90,0.3200000000000003,-0.9900000000000011,0.64,540,4096
567,4PS22MC27,5.54,8.79,7.68,9.92,7.98,20,51,90,3.249999999999999,-1.1099999999999994,0.2,4590,400
568,4PS22MC28,8.27,6.62,5.6,7.55,7.01,93,52,90,-1.6499999999999995,-1.0200000000000005,0.93,4680,8649
569,4PS22MC29,5.9,7.17,5.51,7.78,6.59,2,33,90,1.2699999999999996,-1.6600000000000001,0.02,2970,4
570,4PS22MC30,9.18,7.45,9.09,7.1,8.2,42,30,90,-1.7299999999999995,1.6399999999999997,0.42,2700,1764
571,4PS22MC31,8.22,6.43,8.93,8.23,7.95,76,13,90,-1.790000000000001,2.5,0.76,1170,5776
572,4PS22MC32,9.4,7.01,7.37,6.39,7.54,17,70,90,-2.3900000000000006,0.3600000000000003,0.17,6300,289
573,4PS22MC33,8.58,6.51,6.32,6.6,7.0,98,97,90,-2.0700000000000003,-0.1899999999999995,0.98,8730,9604
574,4PS22MC34,8.21,7.99,7.38,6.66,7.56,33,71,90,-0.22000000000000064,-0.6100000000000003,0.33,6390,1089
575,4PS22MC35,6.42,7.69,8.28,7.9,7.57,54,50,90,1.2700000000000005,0.589999999999999,0.54,4500,2916
576,4PS22MC36,5.81,6.06,8.17,8.59,7.16,54,32,90,0.25,2.1100000000000003,0.54,2880,2916
577,4PS22MC37,6.6,8.74,8.97,5.84,7.54,16,48,90,2.1400000000000006,0.23000000000000043,0.16,4320,256
578,4PS22MC38,7.87,6.06,8.1,9.12,7.79,71,35,90,-1.8100000000000005,2.04,0.71,3150,5041
579,4PS22MC39,6.5,8.0,5.94,6.42,6.72,19,41,90,1.5,-2.0599999999999996,0.19,3690,361
580,4PS22MC40,6.83,7.61,7.75,7.91,7.52,68,87,90,0.7800000000000002,0.13999999999999968,0.68,7830,4624
581,4PS22MC41,7.97,7.84,8.3,5.97,7.52,62,80,90,-0.1299999999999999,0.46000000000000085,0.62,7200,3844
582,4PS22MC42,5.98,9.72,5.59,6.92,7.05,76,16,90,3.74,-4.130000000000001,0.76,1440,5776
583,4PS22MC43,7.15,7.26,5.82,6.76,6.75,87,38,90,0.10999999999999943,-1.4399999999999995,0.87,3420,7569
584,4PS22MC44,8.22,6.3,5.67,5.58,6.44,43,47,90,-1.9200000000000008,-0.6299999999999999,0.43,4230,1849
585,4PS22MC45,8.0,7.22,7.51,5.58,7.08,1,95,90,-0.7800000000000002,0.29000000000000004,0.01,8550,1
586,4PS22MC46,8.8,7.73,9.07,7.26,8.22,21,15,90,-1.0700000000000003,1.3399999999999999,0.21,1350,441
587,4PS22MC47,6.97,6.15,6.41,7.68,6.8,85,51,90,-0.8199999999999994,0.2599999999999998,0.85,4590,7225
588,4PS22MC48,6.81,7.54,5.69,6.83,6.72,39,1,90,0.7300000000000004,-1.8499999999999996,0.39,90,1521
589,4PS22MC49,8.73,5.89,7.34,9.38,7.84,95,94,90,-2.8400000000000007,1.4500000000000002,0.95,8460,9025
590,4PS22MC50,6.06,8.53,9.95,8.97,8.38,68,23,90,2.4699999999999998,1.42,0.68,2070,4624
591,4PS22MC51,8.42,9.04,8.11,7.37,8.24,36,71,90,0.6199999999999992,-0.9299999999999997,0.36,6390,1296
592,4PS22MC52,5.72,9.13,8.07,8.58,7.88,96,22,90,3.410000000000001,-1.0600000000000005,0.96,1980,9216
593,4PS22MC53,9.28,9.85,6.11,8.05,8.32,89,11,90,0.5700000000000003,-3.7399999999999993,0.89,990,7921
594,4PS22MC54,9.37,7.6,5.87,8.53,7.84,14,18,90,-1.7699999999999996,-1.7299999999999995,0.14,1620,196
595,4PS22MC55,8.07,7.05,9.03,6.71,7.72,95,100,90,-1.0200000000000005,1.9799999999999995,0.95,9000,9025
596,4PS22MC56,8.63,7.64,5.72,8.76,7.69,53,94,90,-0.9900000000000011,-1.92,0.53,8460,2809
597,4PS22MC57,8.16,6.23,9.33,6.17,7.47,28,90,90,-1.9299999999999997,3.0999999999999996,0.28,8100,784
598,4PS22MC58,6.35,6.84,5.56,8.5,6.81,87,77,90,0.4900000000000002,-1.2800000000000002,0.87,6930,7569
599,4PS22MC59,9.28,9.2,9.0,7.46,8.74,82,51,90,-0.08000000000000007,-0.1999999999999993,0.82,4590,6724
600,4PS22MC60,7.11,7.51,8.99,5.84,7.36,24,46,90,0.39999999999999947,1.4800000000000004,0.24,4140,576
601,4PS18MC01,6.49,8.08,8.69,8.73,8.0,63,43,90,1.5899999999999999,0.6099999999999994,0.63,3870,3969
602,4PS18MC02,8.14,8.17,8.16,7.48,7.99,26,96,90,0.02999999999999936,-0.009999999999999787,0.26,8640,676
603,4PS18MC03,7.65,7.63,8.53,8.01,7.96,47,88,90,-0.020000000000000462,0.8999999999999995,0.47,7920,2209
604,4PS18MC04,6.51,8.48,9.81,7.53,8.08,67,57,90,1.9700000000000006,1.33,0.67,5130,4489
605,4PS18MC05,8.99,6.1,5.78,7.41,7.07,8,55,90,-2.8900000000000006,-0.3199999999999994,0.08,4950,64
606,4PS18MC06,6.13,8.21,7.04,8.51,7.47,91,51,90,2.080000000000001,-1.1700000000000008,0.91,4590,8281
607,4PS18MC07,8.27,8.45,7.19,6.81,7.68,7,88,90,0.17999999999999972,-1.259999999999999,0.07,7920,49
608,4PS18MC08,8.65,8.09,6.95,8.82,8.13,12,24,90,-0.5600000000000005,-1.1399999999999997,0.12,2160,144
609,4PS18MC09,6.71,6.54,7.17,5.53,6.49,76,56,90,-0.16999999999999993,0.6299999999999999,0.76,5040,5776
610,4PS18MC10,6.02,5.74,9.2,9.14,7.52,16,1,90,-0.27999999999999936,3.459999999999999,0.16,90,256
611,4PS18MC11,9.48,5.74,9.48,9.39,8.52,53,79,90,-3.74,3.74,0.53,7110,2809
612,4PS18MC12,6.63,6.67,7.01,6.34,6.66,77,54,90,0.040000000000000036,0.33999999999999986,0.77,4860,5929
613,4PS18MC13,5.82,8.7,5.7,9.83,7.51,83,42,90,2.879999999999999,-2.999999999999999,0.83,3780,6889
614,4PS18MC14,7.62,6.85,8.05,6.2,7.18,86,12,90,-0.7700000000000005,1.200000000000001,0.86,1080,7396
615,4PS18MC15,9.32,6.81,8.65,7.49,8.07,66,26,90,-2.5100000000000007,1.8400000000000007,0.66,2340,4356
616,4PS18MC16,9.73,9.02,6.66,9.26,8.67,62,96,90,-0.7100000000000009,-2.3599999999999994,0.62,8640,3844
617,4PS18MC17,7.54,6.95,6.3,8.21,7.25,26,17,90,-0.5899999999999999,-0.6500000000000004,0.26,1530,676
618,4PS18MC18,6.93,9.48,8.41,5.75,7.64,83,60,90,2.5500000000000007,-1.0700000000000003,0.83,5400,6889
619,4PS18MC19,6.35,7.83,8.78,8.95,7.98,12,66,90,1.4800000000000004,0.9499999999999993,0.12,5940,144
620,4PS18MC20,7.98,6.23,6.34,9.34,7.47,66,33,90,-1.75,0.10999999999999943,0.66,2970,4356
621,4PS18MC21,5.87,9.22,6.94,6.17,7.05,90,46,90,3.3500000000000005,-2.2800000000000002,0.9,4140,8100
622,4PS18MC22,9.2,6.27,5.66,7.11,7.06,56,96,90,-2.9299999999999997,-0.6099999999999994,0.56,8640,3136
623,4PS18MC23,5.98,9.45,6.79,7.75,7.49,29,28,90,3.469999999999999,-2.6599999999999993,0.29,2520,841
624,4PS18MC24,5.79,7.89,6.61,8.9,7.3,99,78,90,2.0999999999999996,-1.2799999999999994,0.99,7020,9801
625,4PS18MC25,5.74,6.56,5.63,7.26,6.3,72,35,90,0.8199999999999994,-0.9299999999999997,0.72,3150,5184
626,4PS18MC26,7.63,6.48,6.28,9.9,7.57,5,55,90,-1.1499999999999995,-0.20000000000000018,0.05,4950,25
627,4PS18MC27,6.31,7.06,6.98,6.03,6.6,18,72,90,0.75,-0.07999999999999918,0.18,6480,324
628,4PS18MC28,6.08,8.32,8.85,9.56,8.2,17,8,90,2.24,0.5299999999999994,0.17,720,289
629,4PS18MC29,7.47,8.0,7.6,6.49,7.39,31,87,90,0.5300000000000002,-0.40000000000000036,0.31,7830,961
630,4PS18MC30,9.94,7.35,6.03,6.71,7.51,6,33,90,-2.59,-1.3199999999999994,0.06,2970,36
631,4PS18MC31,9.64,6.74,9.69,6.12,8.05,1,42,90,-2.9000000000000004,2.9499999999999993,0.01,3780,1
632,4PS18MC32,9.1,9.13,6.88,9.04,8.54,27,4,90,0.030000000000001137,-2.250000000000001,0.27,360,729
633,4PS18MC33,6.13,7.15,7.83,5.66,6.69,95,82,90,1.0200000000000005,0.6799999999999997,0.95,7380,9025
634,4PS18MC34,7.11,5.53,6.21,5.72,6.14,27,54,90,-1.58,0.6799999999999997,0.27,4860,729
635,4PS18MC35,8.76,6.63,8.85,9.92,8.54,38,14,90,-2.13,2.2199999999999998,0.38,1260,1444
636,4PS18MC36,5.66,8.88,5.92,6.57,6.76,98,21,90,3.2200000000000006,-2.960000000000001,0.98,1890,9604
637,4PS18MC37,7.33,7.08,5.74,5.94,6.52,6,40,90,-0.25,-1.3399999999999999,0.06,3600,36
638,4PS18MC38,7.97,9.92,7.63,7.02,8.14,74,10,90,1.9500000000000002,-2.29,0.74,900,5476
639,4PS18MC39,9.26,6.8,7.89,8.21,8.04,9,28,90,-2.46,1.0899999999999999,0.09,2520,81
640,4PS18MC40,7.39,7.69,9.71,9.25,8.51,60,11,90,0.3000000000000007,2.0200000000000005,0.6,990,3600
641,4PS18MC41,7.81,6.17,7.02,8.64,7.41,47,3,90,-1.6399999999999997,0.8499999999999996,0.47,270,2209
642,4PS18MC42,6.35,7.53,7.58,5.6,6.76,72,63,90,1.1800000000000006,0.04999999999999982,0.72,5670,5184
643,4PS18MC43,5.64,8.29,5.98,5.84,6.44,73,4,90,2.6499999999999995,-2.3099999999999987,0.73,360,5329
644,4PS18MC44,7.32,8.06,7.11,9.88,8.09,69,59,90,0.7400000000000002,-0.9500000000000002,0.69,5310,4761
645,4PS18MC45,8.48,8.2,5.75,9.52,7.99,99,37,90,-0.28000000000000114,-2.4499999999999993,0.99,3330,9801
646,4PS18MC46,6.18,8.37,6.57,6.69,6.95,40,57,90,2.1899999999999995,-1.799999999999999,0.4,5130,1600
647,4PS18MC47,6.85,6.49,5.5,8.04,6.72,35,49,90,-0.35999999999999943,-0.9900000000000002,0.35,4410,1225
648,4PS18MC48,7.32,5.94,5.84,9.86,7.24,57,38,90,-1.38,-0.10000000000000053,0.57,3420,3249
649,4PS18MC49,6.6,7.91,8.92,6.44,7.47,4,29,90,1.3100000000000005,1.0099999999999998,0.04,2610,16
650,4PS18MC50,9.73,7.5,6.17,7.4,7.7,96,93,90,-2.2300000000000004,-1.33,0.96,8370,9216
651,4PS18MC51,8.06,8.74,9.27,7.76,8.46,58,29,90,0.6799999999999997,0.5299999999999994,0.58,2610,3364
652,4PS18MC52,6.92,9.17,8.5,6.72,7.83,4,52,90,2.25,-0.6699999999999999,0.04,4680,16
653,4PS18MC53,9.33,8.38,8.98,5.62,8.08,62,96,90,-0.9499999999999993,0.5999999999999996,0.62,8640,3844
654,4PS18MC54,6.71,9.43,9.83,5.54,7.88,68,14,90,2.7199999999999998,0.40000000000000036,0.68,1260,4624
655,4PS18MC55,5.63,9.57,6.86,6.43,7.12,95,34,90,3.9400000000000004,-2.71,0.95,3060,9025
656,4PS18MC56,7.95,8.67,6.94,9.03,8.15,49,44,90,0.7199999999999998,-1.7299999999999995,0.49,3960,2401
657,4PS18MC57,8.23,6.19,9.16,9.4,8.25,64,50,90,-2.04,2.9699999999999998,0.64,4500,4096
658,4PS18MC58,6.29,6.11,5.99,7.79,6.54,61,61,90,-0.17999999999999972,-0.1200000000000001,0.61,5490,3721
659,4PS18MC59,5.57,7.46,7.21,8.94,7.3,29,95,90,1.8899999999999997,-0.25,0.29,8550,841
660,4PS18MC60,9.13,8.86,8.84,9.87,9.18,98,88,90,-0.27000000000000135,-0.019999999999999574,0.98,7920,9604
661,4PS19MC01,8.33,6.75,8.09,7.59,7.69,72,61,90,-1.58,1.3399999999999999,0.72,5490,5184
662,4PS19MC02,6.42,8.65,8.26,6.61,7.48,2,37,90,2.2300000000000004,-0.39000000000000057,0.02,3330,4
663,4PS19MC03,9.86,5.99,9.3,7.94,8.27,40,16,90,-3.869999999999999,3.3100000000000005,0.4,1440,1600
664,4PS19MC04,6.28,9.68,6.26,5.75,6.99,72,87,90,3.3999999999999995,-3.42,0.72,7830,5184
665,4PS19MC05,6.57,7.97,8.66,8.59,7.95,94,91,90,1.3999999999999995,0.6900000000000004,0.94,8190,8836
666,4PS19MC06,8.56,7.74,9.57,8.83,8.68,67,41,90,-0.8200000000000003,1.83,0.67,3690,4489
667,4PS19MC07,8.79,6.81,6.24,5.59,6.86,17,14,90,-1.9799999999999995,-0.5699999999999994,0.17,1260,289
668,4PS19MC08,8.48,9.64,8.51,5.75,8.1,48,26,90,1.1600000000000001,-1.1300000000000008,0.48,2340,2304
669,4PS19MC09,6.82,5.61,7.37,9.72,7.38,25,86,90,-1.21,1.7599999999999998,0.25,7740,625
670,4PS19MC10,7.59,7.8,9.56,5.62,7.64,10,89,90,0.20999999999999996,1.7600000000000007,0.1,8010,100
671,4PS19MC11,9.43,9.92,9.66,9.43,9.61,93,75,90,0.4900000000000002,-0.2599999999999998,0.93,6750,8649
672,4PS19MC12,8.4,7.3,8.62,6.62,7.74,52,61,90,-1.1000000000000005,1.3199999999999994,0.52,5490,2704
673,4PS19MC13,9.6,9.8,5.68,6.95,8.01,10,13,90,0.20000000000000107,-4.120000000000001,0.1,1170,100
674,4PS19MC14,5.85,8.83,8.87,9.02,8.14,96,45,90,2.9800000000000004,0.03999999999999915,0.96,4050,9216
675,4PS19MC15,9.16,8.34,6.67,9.13,8.33,44,48,90,-0.8200000000000003,-1.67,0.44,4320,1936
676,4PS19MC16,8.34,5.61,9.22,6.41,7.4,87,55,90,-2.7299999999999995,3.6100000000000003,0.87,4950,7569
677,4PS19MC17,7.46,7.53,9.6,9.85,8.61,35,25,90,0.07000000000000028,2.0699999999999994,0.35,2250,1225
678,4PS19MC18,7.43,7.8,9.1,6.73,7.76,11,3,90,0.3700000000000001,1.2999999999999998,0.11,270,121
679,4PS19MC19,9.99,9.96,5.58,7.55,8.27,7,62,90,-0.02999999999999936,-4.380000000000001,0.07,5580,49
680,4PS19MC20,9.5,9.61,9.15,5.55,8.45,46,89,90,0.10999999999999943,-0.4599999999999991,0.46,8010,2116
681,4PS19MC21,9.18,7.33,9.68,7.83,8.5,84,33,90,-1.8499999999999996,2.3499999999999996,0.84,2970,7056
682,4PS19MC22,5.96,8.32,5.94,7.92,7.04,74,69,90,2.3600000000000003,-2.38,0.74,6210,5476
683,4PS19MC23,8.97,5.96,8.93,8.9,8.19,24,79,90,-3.0100000000000007,2.9699999999999998,0.24,7110,576
684,4PS19MC24,9.42,8.32,8.68,5.78,8.05,26,40,90,-1.0999999999999996,0.35999999999999943,0.26,3600,676
685,4PS19MC25,6.4,8.44,8.98,5.68,7.38,47,46,90,2.039999999999999,0.5400000000000009,0.47,4140,2209
686,4PS19MC26,5.87,8.08,6.41,9.56,7.48,39,67,90,2.21,-1.67,0.39,6030,1521
687,4PS19MC27,7.2,5.92,6.14,6.72,6.5,62,62,90,-1.2800000000000002,0.21999999999999975,0.62,5580,3844
688,4PS19MC28,6.27,8.03,9.21,9.98,8.37,20,33,90,1.7599999999999998,1.1800000000000015,0.2,2970,400
689,4PS19MC29,5.61,9.86,9.37,5.7,7.63,83,10,90,4.249999999999999,-0.4900000000000002,0.83,900,6889
690,4PS19MC30,8.62,5.62,7.16,8.38,7.44,5,86,90,-2.999999999999999,1.54,0.05,7740,25
691,4PS19MC31,6.53,9.86,9.53,9.23,8.79,14,7,90,3.329999999999999,-0.33000000000000007,0.14,630,196
692,4PS19MC32,9.9,7.39,7.58,8.94,8.45,80,22,90,-2.5100000000000007,0.1900000000000004,0.8,1980,6400
693,4PS19MC33,9.79,8.24,9.61,8.34,9.0,99,62,90,-1.549999999999999,1.3699999999999992,0.99,5580,9801
694,4PS19MC34,7.59,8.5,7.79,7.77,7.91,57,38,90,0.9100000000000001,-0.71,0.57,3420,3249
695,4PS19MC35,7.09,6.47,5.76,5.84,6.29,28,18,90,-0.6200000000000001,-0.71,0.28,1620,784
696,4PS19MC36,6.28,8.15,6.91,9.69,7.76,53,33,90,1.87,-1.2400000000000002,0.53,2970,2809
697,4PS19MC37,6.52,9.65,6.62,6.4,7.3,27,46,90,3.130000000000001,-3.0300000000000002,0.27,4140,729
698,4PS19MC38,9.92,7.11,6.96,7.52,7.88,44,46,90,-2.8099999999999996,-0.15000000000000036,0.44,4140,1936
699,4PS19MC39,9.42,7.55,6.19,6.5,7.42,44,88,90,-1.87,-1.3599999999999994,0.44,7920,1936
700,4PS19MC40,9.59,6.86,6.77,5.76,7.24,54,19,90,-2.7299999999999995,-0.09000000000000075,0.54,1710,2916
701,4PS19MC41,8.32,7.42,6.17,8.64,7.64,71,62,90,-0.9000000000000004,-1.25,0.71,5580,5041
702,4PS19MC42,6.85,7.96,9.16,8.34,8.08,41,23,90,1.1100000000000003,1.2000000000000002,0.41,2070,1681
703,4PS19MC43,8.81,10.0,9.59,9.56,9.49,46,69,90,1.1899999999999995,-0.41000000000000014,0.46,6210,2116
704,4PS19MC44,5.62,6.85,9.31,6.04,6.96,94,37,90,1.2299999999999995,2.460000000000001,0.94,3330,8836
705,4PS19MC45,9.3,7.93,8.85,8.31,8.6,18,83,90,-1.370000000000001,0.9199999999999999,0.18,7470,324
706,4PS19MC46,8.62,9.36,5.99,5.8,7.44,84,38,90,0.7400000000000002,-3.369999999999999,0.84,3420,7056
707,4PS19MC47,5.62,9.87,5.85,8.39,7.43,27,59,90,4.249999999999999,-4.02,0.27,5310,729
708,4PS19MC48,8.28,9.99,6.09,9.62,8.49,68,63,90,1.7100000000000009,-3.9000000000000004,0.68,5670,4624
709,4PS19MC49,8.35,8.69,9.41,8.17,8.65,90,3,90,0.33999999999999986,0.7200000000000006,0.9,270,8100
710,4PS19MC50,6.94,5.51,9.03,8.32,7.45,29,74,90,-1.4300000000000006,3.5199999999999996,0.29,6660,841
711,4PS19MC51,5.54,8.29,8.3,5.97,7.02,68,59,90,2.749999999999999,0.010000000000001563,0.68,5310,4624
712,4PS19MC52,7.3,8.59,9.15,9.44,8.62,29,86,90,1.29,0.5600000000000005,0.29,7740,841
713,4PS19MC53,6.68,8.42,9.59,7.7,8.1,72,90,90,1.7400000000000002,1.17,0.72,8100,5184
714,4PS19MC54,7.52,6.19,5.9,7.53,6.78,25,44,90,-1.3299999999999992,-0.29000000000000004,0.25,3960,625
715,4PS19MC55,8.8,8.73,9.88,8.18,8.9,22,75,90,-0.07000000000000028,1.1500000000000004,0.22,6750,484
716,4PS19MC56,9.77,8.21,6.61,6.44,7.76,35,88,90,-1.5599999999999987,-1.6000000000000005,0.35,7920,1225
717,4PS19MC57,6.38,7.2,6.66,8.81,7.26,16,70,90,0.8200000000000003,-0.54,0.16,6300,256
718,4PS19MC58,9.58,6.96,7.34,9.14,8.25,82,26,90,-2.62,0.3799999999999999,0.82,2340,6724
719,4PS19MC59,7.77,9.21,6.47,9.31,8.19,90,81,90,1.4400000000000013,-2.740000000000001,0.9,7290,8100
720,4PS19MC60,7.25,9.81,8.38,7.09,8.13,22,53,90,2.5600000000000005,-1.4299999999999997,0.22,4770,484
721,4PS20MC01,7.65,9.26,7.69,8.7,8.32,84,100,90,1.6099999999999994,-1.5699999999999994,0.84,9000,7056
722,4PS20MC02,9.29,7.83,5.81,6.44,7.34,7,53,90,-1.459999999999999,-2.0200000000000005,0.07,4770,49
723,4PS20MC03,7.06,7.79,6.84,8.97,7.66,34,56,90,0.7300000000000004,-0.9500000000000002,0.34,5040,1156
724,4PS20MC04,9.2,6.74,8.24,9.79,8.49,36,85,90,-2.459999999999999,1.5,0.36,7650,1296
725,4PS20MC05,7.46,9.36,7.67,5.98,7.62,88,57,90,1.8999999999999995,-1.6899999999999995,0.88,5130,7744
726,4PS20MC06,7.76,5.57,7.08,5.82,6.56,34,20,90,-2.1899999999999995,1.5099999999999998,0.34,1800,1156
727,4PS20MC07,7.76,6.47,5.71,7.14,6.77,55,73,90,-1.29,-0.7599999999999998,0.55,6570,3025
728,4PS20MC08,6.04,9.46,9.44,9.24,8.54,14,96,90,3.420000000000001,-0.02000000000000135,0.14,8640,196
729,4PS20MC09,7.96,6.4,8.73,5.58,7.17,20,24,90,-1.5599999999999996,2.33,0.2,2160,400
730,4PS20MC10,5.62,7.09,7.44,8.64,7.2,44,76,90,1.4699999999999998,0.35000000000000053,0.44,6840,1936
731,4PS20MC11,9.55,6.04,8.58,7.39,7.89,86,78,90,-3.5100000000000007,2.54,0.86,7020,7396
732,4PS20MC12,8.35,6.22,9.85,8.5,8.23,22,95,90,-2.13,3.63,0.22,8550,484
733,4PS20MC13,5.8,8.43,9.24,8.96,8.11,66,7,90,2.63,0.8100000000000005,0.66,630,4356
734,4PS20MC14,7.4,7.6,8.58,6.28,7.46,46,96,90,0.1999999999999993,0.9800000000000004,0.46,8640,2116
735,4PS20MC15,8.45,9.94,9.72,7.46,8.89,74,98,90,1.4900000000000002,-0.21999999999999886,0.74,8820,5476
736,4PS20MC16,7.1,7.76,5.82,6.74,6.86,1,7,90,0.6600000000000001,-1.9399999999999995,0.01,630,1
737,4PS20MC17,7.61,5.87,8.7,9.2,7.84,73,63,90,-1.7400000000000002,2.829999999999999,0.73,5670,5329
738,4PS20MC18,8.86,7.25,7.52,9.47,8.28,47,84,90,-1.6099999999999994,0.2699999999999996,0.47,7560,2209
739,4PS20MC19,6.8,8.58,5.7,9.65,7.68,59,19,90,1.7800000000000002,-2.88,0.59,1710,3481
740,4PS20MC20,5.63,6.12,7.48,8.33,6.89,79,87,90,0.4900000000000002,1.3600000000000003,0.79,7830,6241
741,4PS20MC21,6.09,6.05,8.62,6.29,6.76,16,97,90,-0.040000000000000036,2.5699999999999994,0.16,8730,256
742,4PS20MC22,6.73,6.43,7.92,5.59,6.67,30,22,90,-0.3000000000000007,1.4900000000000002,0.3,1980,900
743,4PS20MC23,8.18,6.58,8.33,9.39,8.12,71,93,90,-1.5999999999999996,1.75,0.71,8370,5041
744,4PS20MC24,9.17,8.03,8.57,9.32,8.77,77,43,90,-1.1400000000000006,0.5400000000000009,0.77,3870,5929
745,4PS20MC25,8.32,6.17,8.7,7.7,7.72,78,90,90,-2.1500000000000004,2.5299999999999994,0.78,8100,6084
746,4PS20MC26,6.29,6.34,5.64,9.84,7.03,85,55,90,0.04999999999999982,-0.7000000000000002,0.85,4950,7225
747,4PS20MC27,5.76,7.24,6.14,6.0,6.28,60,14,90,1.4800000000000004,-1.1000000000000005,0.6,1260,3600
748,4PS20MC28,8.75,5.92,9.71,5.68,7.52,93,56,90,-2.83,3.790000000000001,0.93,5040,8649
749,4PS20MC29,7.16,8.44,8.97,7.35,7.98,8,70,90,1.2799999999999994,0.5300000000000011,0.08,6300,64
750,4PS20MC30,7.12,7.07,5.74,9.33,7.32,6,22,90,-0.04999999999999982,-1.33,0.06,1980,36
751,4PS20MC31,5.83,7.9,9.27,7.08,7.52,67,65,90,2.0700000000000003,1.3699999999999992,0.67,5850,4489
752,4PS20MC32,8.45,6.92,6.04,6.48,6.97,75,29,90,-1.5299999999999994,-0.8799999999999999,0.75,2610,5625
753,4PS20MC33,7.64,5.96,7.63,5.57,6.7,44,4,90,-1.6799999999999997,1.67,0.44,360,1936
754,4PS20MC34,8.94,6.39,9.89,9.81,8.76,76,58,90,-2.55,3.500000000000001,0.76,5220,5776
755,4PS20MC35,7.88,6.39,7.95,9.89,8.03,2,81,90,-1.4900000000000002,1.5600000000000005,0.02,7290,4
756,4PS20MC36,7.27,7.93,7.09,6.42,7.18,94,32,90,0.6600000000000001,-0.8399999999999999,0.94,2880,8836
757,4PS20MC37,7.66,7.28,9.92,8.5,8.34,80,64,90,-0.3799999999999999,2.6399999999999997,0.8,5760,6400
758,4PS20MC38,6.15,6.23,7.9,9.14,7.36,87,51,90,0.08000000000000007,1.67,0.87,4590,7569
759,4PS20MC39,8.39,6.69,6.36,7.11,7.14,11,40,90,-1.7000000000000002,-0.33000000000000007,0.11,3600,121
760,4PS20MC40,7.22,5.61,6.99,9.28,7.28,15,4,90,-1.6099999999999994,1.38,0.15,360,225
761,4PS20MC41,8.27,6.92,7.88,6.85,7.48,44,67,90,-1.3499999999999996,0.96,0.44,6030,1936
762,4PS20MC42,6.41,8.23,9.01,6.62,7.57,10,87,90,1.8200000000000003,0.7799999999999994,0.1,7830,100
763,4PS20MC43,6.23,8.29,5.96,9.03,7.38,22,86,90,2.0599999999999987,-2.329999999999999,0.22,7740,484
764,4PS20MC44,7.56,9.43,7.91,9.11,8.5,6,78,90,1.87,-1.5199999999999996,0.06,7020,36
765,4PS20MC45,9.47,8.97,6.15,8.04,8.16,43,85,90,-0.5,-2.8200000000000003,0.43,7650,1849
766,4PS20MC46,6.5,6.15,7.04,7.44,6.78,24,67,90,-0.34999999999999964,0.8899999999999997,0.24,6030,576
767,4PS20MC47,9.87,6.89,6.0,6.48,7.31,98,4,90,-2.9799999999999995,-0.8899999999999997,0.98,360,9604
768,4PS20MC48,9.03,7.98,7.06,9.01,8.27,53,43,90,-1.049999999999999,-0.9200000000000008,0.53,3870,2809
769,4PS20MC49,8.74,8.07,8.77,9.05,8.66,84,34,90,-0.6699999999999999,0.6999999999999993,0.84,3060,7056
770,4PS20MC50,9.24,7.71,7.11,8.84,8.22,4,5,90,-1.5300000000000002,-0.5999999999999996,0.04,450,16
771,4PS20MC51,8.97,9.97,7.15,9.94,9.01,30,4,90,1.0,-2.8200000000000003,0.3,360,900
772,4PS20MC52,7.69,8.77,9.71,7.44,8.4,48,88,90,1.0799999999999992,0.9400000000000013,0.48,7920,2304
773,4PS20MC53,5.54,8.82,9.47,6.41,7.56,35,80,90,3.2800000000000002,0.6500000000000004,0.35,7200,1225
774,4PS20MC54,7.83,7.74,9.62,6.72,7.98,68,64,90,-0.08999999999999986,1.879999999999999,0.68,5760,4624
775,4PS20MC55,7.57,8.62,6.3,7.77,7.56,63,7,90,1.049999999999999,-2.3199999999999994,0.63,630,3969
776,4PS20MC56,9.65,6.67,8.27,7.43,8.0,6,59,90,-2.9800000000000004,1.5999999999999996,0.06,5310,36
777,4PS20MC57,7.32,7.87,7.15,8.78,7.78,28,71,90,0.5499999999999998,-0.7199999999999998,0.28,6390,784
778,4PS20MC58,9.84,9.71,7.75,7.02,8.58,56,2,90,-0.129999999999999,-1.9600000000000009,0.56,180,3136
779,4PS20MC59,8.65,6.69,6.3,7.79,7.36,52,22,90,-1.96,-0.39000000000000057,0.52,1980,2704
780,4PS20MC60,5.82,7.77,7.7,7.78,7.27,53,37,90,1.9499999999999993,-0.0699999999999994,0.53,3330,2809
781,4PS21MC01,9.26,6.43,9.44,8.48,8.4,39,5,90,-2.83,3.01,0.39,450,1521
782,4PS21MC02,7.87,5.77,7.64,5.62,6.72,4,30,90,-2.1000000000000005,1.87,0.04,2700,16
783,4PS21MC03,8.21,7.68,5.82,7.96,7.42,21,23,90,-0.5300000000000011,-1.8599999999999994,0.21,2070,441
784,4PS21MC04,8.3,7.46,7.39,9.61,8.19,5,62,90,-0.8400000000000007,-0.07000000000000028,0.05,5580,25
785,4PS21MC05,7.39,6.5,7.67,6.38,6.98,49,56,90,-0.8899999999999997,1.17,0.49,5040,2401
786,4PS21MC06,6.84,8.2,7.48,8.74,7.82,30,8,90,1.3599999999999994,-0.7199999999999989,0.3,720,900
787,4PS21MC07,8.13,7.0,5.57,7.88,7.14,88,25,90,-1.1300000000000008,-1.4299999999999997,0.88,2250,7744
788,4PS21MC08,7.32,6.75,6.13,9.75,7.49,69,21,90,-0.5700000000000003,-0.6200000000000001,0.69,1890,4761
789,4PS21MC09,7.81,7.58,7.97,8.53,7.97,34,24,90,-0.22999999999999954,0.3899999999999997,0.34,2160,1156
790,4PS21MC10,7.81,7.47,9.93,6.21,7.86,96,8,90,-0.33999999999999986,2.46,0.96,720,9216
791,4PS21MC11,7.48,7.92,9.35,9.75,8.62,36,30,90,0.4399999999999995,1.4299999999999997,0.36,2700,1296
792,4PS21MC12,9.38,9.62,8.4,9.66,9.26,42,81,90,0.23999999999999844,-1.2199999999999989,0.42,7290,1764
793,4PS21MC13,7.79,9.69,6.72,7.76,7.99,37,34,90,1.8999999999999995,-2.9699999999999998,0.37,3060,1369
794,4PS21MC14,7.22,6.97,7.73,8.27,7.55,26,5,90,-0.25,0.7600000000000007,0.26,450,676
795,4PS21MC15,5.72,6.97,9.91,9.53,8.03,22,96,90,1.25,2.9400000000000004,0.22,8640,484
796,4PS21MC16,7.01,6.02,5.58,7.68,6.57,3,35,90,-0.9900000000000002,-0.4399999999999995,0.03,3150,9
797,4PS21MC17,8.02,6.31,9.02,6.47,7.45,93,93,90,-1.71,2.71,0.93,8370,8649
798,4PS21MC18,9.62,8.74,7.52,5.63,7.88,21,3,90,-0.879999999999999,-1.2200000000000006,0.21,270,441
799,4PS21MC19,7.56,9.49,8.49,7.16,8.18,27,8,90,1.9300000000000006,-1.0,0.27,720,729
800,4PS21MC20,8.26,7.71,8.87,8.98,8.45,100,28,90,-0.5499999999999998,1.1599999999999993,1.0,2520,10000
801,4PS21MC21,7.71,9.18,7.18,6.0,7.52,93,8,90,1.4699999999999998,-2.0,0.93,720,8649
802,4PS21MC22,8.56,6.5,9.72,9.48,8.57,54,87,90,-2.0600000000000005,3.2200000000000006,0.54,7830,2916
803,4PS21MC23,8.84,5.71,6.34,7.66,7.14,7,65,90,-3.13,0.6299999999999999,0.07,5850,49
804,4PS21MC24,7.77,6.03,7.74,5.63,6.79,33,68,90,-1.7399999999999993,1.71,0.33,6120,1089
805,4PS21MC25,8.02,9.08,9.63,6.53,8.32,89,85,90,1.0600000000000005,0.5500000000000007,0.89,7650,7921
806,4PS21MC26,7.35,6.69,6.77,9.04,7.46,91,64,90,-0.6599999999999993,0.07999999999999918,0.91,5760,8281
807,4PS21MC27,10.0,7.57,6.91,8.73,8.3,71,91,90,-2.4299999999999997,-0.6600000000000001,0.71,8190,5041
808,4PS21MC28,7.57,9.63,5.73,7.81,7.68,40,35,90,2.0600000000000005,-3.9000000000000004,0.4,3150,1600
809,4PS21MC29,7.7,6.17,6.42,5.84,6.53,41,7,90,-1.5300000000000002,0.25,0.41,630,1681
810,4PS21MC30,9.52,6.64,7.39,8.83,8.1,3,53,90,-2.88,0.75,0.03,4770,9
811,4PS21MC31,6.43,5.62,8.77,5.74,6.64,3,6,90,-0.8099999999999996,3.1499999999999995,0.03,540,9
812,4PS21MC32,6.41,7.36,8.33,6.42,7.13,58,45,90,0.9500000000000002,0.9699999999999998,0.58,4050,3364
813,4PS21MC33,8.64,7.83,7.52,5.7,7.42,63,41,90,-0.8100000000000005,-0.3100000000000005,0.63,3690,3969
814,4PS21MC34,7.38,6.33,7.1,7.08,6.97,41,13,90,-1.0499999999999998,0.7699999999999996,0.41,1170,1681
815,4PS21MC35,7.86,6.9,9.79,7.34,7.97,50,90,90,-0.96,2.889999999999999,0.5,8100,2500
816,4PS21MC36,5.79,8.8,8.37,9.23,8.05,25,55,90,3.0100000000000007,-0.4300000000000015,0.25,4950,625
817,4PS21MC37,8.99,7.66,7.52,9.65,8.46,22,100,90,-1.33,-0.14000000000000057,0.22,9000,484
818,4PS21MC38,9.88,9.82,6.37,6.84,8.23,30,7,90,-0.0600000000000005,-3.45,0.3,630,900
819,4PS21MC39,5.68,8.94,8.27,6.98,7.47,69,82,90,3.26,-0.6699999999999999,0.69,7380,4761
820,4PS21MC40,9.82,8.46,8.75,7.98,8.75,32,96,90,-1.3599999999999994,0.28999999999999915,0.32,8640,1024
821,4PS21MC41,7.41,8.88,6.66,8.11,7.76,61,9,90,1.4700000000000006,-2.2200000000000006,0.61,810,3721
822,4PS21MC42,9.55,5.87,6.84,9.97,8.06,10,49,90,-3.6800000000000006,0.9699999999999998,0.1,4410,100
823,4PS21MC43,8.17,9.06,6.34,5.52,7.27,5,74,90,0.8900000000000006,-2.7200000000000006,0.05,6660,25
824,4PS21MC44,6.3,6.66,6.86,8.56,7.1,36,52,90,0.3600000000000003,0.20000000000000018,0.36,4680,1296
825,4PS21MC45,6.99,8.56,8.72,9.09,8.34,72,56,90,1.5700000000000003,0.16000000000000014,0.72,5040,5184
826,4PS21MC46,9.54,7.25,9.37,8.33,8.62,3,24,90,-2.289999999999999,2.119999999999999,0.03,2160,9
827,4PS21MC47,7.46,8.82,7.3,8.55,8.03,32,51,90,1.3600000000000003,-1.5200000000000005,0.32,4590,1024
828,4PS21MC48,9.3,8.94,7.93,9.95,9.03,78,2,90,-0.3600000000000012,-1.0099999999999998,0.78,180,6084
829,4PS21MC49,9.33,5.78,8.38,8.19,7.92,68,8,90,-3.55,2.6000000000000005,0.68,720,4624
830,4PS21MC50,6.45,8.96,9.78,6.57,7.94,33,27,90,2.5100000000000007,0.8199999999999985,0.33,2430,1089
831,4PS21MC51,7.97,7.74,7.81,8.54,8.02,40,59,90,-0.22999999999999954,0.0699999999999994,0.4,5310,1600
832,4PS21MC52,9.16,9.1,9.78,8.91,9.24,76,70,90,-0.0600000000000005,0.6799999999999997,0.76,6300,5776
833,4PS21MC53,8.46,7.66,7.45,7.7,7.82,39,80,90,-0.8000000000000007,-0.20999999999999996,0.39,7200,1521
834,4PS21MC54,5.75,9.66,5.72,6.05,6.8,80,33,90,3.91,-3.9400000000000004,0.8,2970,6400
835,4PS21MC55,5.71,6.66,9.65,9.88,7.98,5,62,90,0.9500000000000002,2.99,0.05,5580,25
836,4PS21MC56,5.82,8.77,9.37,6.51,7.62,70,17,90,2.9499999999999993,0.5999999999999996,0.7,1530,4900
837,4PS21MC57,9.2,5.57,8.05,6.8,7.4,72,94,90,-3.629999999999999,2.4800000000000004,0.72,8460,5184
838,4PS21MC58,9.21,5.67,7.58,9.96,8.1,12,6,90,-3.540000000000001,1.9100000000000001,0.12,540,144
839,4PS21MC59,7.44,6.19,5.91,7.24,6.7,22,27,90,-1.25,-0.28000000000000025,0.22,2430,484
840,4PS21MC60,6.81,9.83,7.57,9.77,8.5,84,16,90,3.0200000000000005,-2.26,0.84,1440,7056
841,4PS22MC01,6.5,6.41,6.75,7.44,6.78,25,45,90,-0.08999999999999986,0.33999999999999986,0.25,4050,625
842,4PS22MC02,9.6,8.04,9.0,9.76,9.1,100,74,90,-1.5600000000000005,0.9600000000000009,1.0,6660,10000
843,4PS22MC03,7.55,9.31,8.94,8.75,8.64,63,76,90,1.7600000000000007,-0.370000000000001,0.63,6840,3969
844,4PS22MC04,8.24,6.37,7.91,6.98,7.38,4,16,90,-1.87,1.54,0.04,1440,16
845,4PS22MC05,9.62,7.65,6.62,7.7,7.9,41,12,90,-1.9699999999999989,-1.0300000000000002,0.41,1080,1681
846,4PS22MC06,8.47,9.06,8.95,6.88,8.34,21,23,90,0.5899999999999999,-0.11000000000000121,0.21,2070,441
847,4PS22MC07,6.6,8.05,6.96,8.35,7.49,51,21,90,1.450000000000001,-1.0900000000000007,0.51,1890,2601
848,4PS22MC08,9.9,9.51,5.81,8.25,8.37,17,14,90,-0.39000000000000057,-3.7,0.17,1260,289
849,4PS22MC09,6.66,8.83,9.39,8.57,8.36,60,50,90,2.17,0.5600000000000005,0.6,4500,3600
850,4PS22MC10,8.78,7.3,9.08,7.59,8.19,56,80,90,-1.4799999999999995,1.7800000000000002,0.56,7200,3136
851,4PS22MC11,9.96,7.25,9.58,8.98,8.94,13,33,90,-2.710000000000001,2.33,0.13,2970,169
852,4PS22MC12,9.72,7.34,8.36,9.2,8.66,13,79,90,-2.380000000000001,1.0199999999999996,0.13,7110,169
853,4PS22MC13,6.8,8.93,6.05,6.79,7.14,43,22,90,2.13,-2.88,0.43,1980,1849
854,4PS22MC14,7.35,8.63,6.29,6.73,7.25,19,88,90,1.2800000000000011,-2.3400000000000007,0.19,7920,361
855,4PS22MC15,9.3,8.12,7.62,9.61,8.66,71,90,90,-1.1800000000000015,-0.4999999999999991,0.71,8100,5041
856,4PS22MC16,9.31,8.47,8.77,9.59,9.04,5,78,90,-0.8399999999999999,0.29999999999999893,0.05,7020,25
857,4PS22MC17,6.49,6.28,7.28,8.66,7.18,64,33,90,-0.20999999999999996,1.0,0.64,2970,4096
858,4PS22MC18,7.07,7.21,8.6,7.28,7.54,61,34,90,0.13999999999999968,1.3899999999999997,0.61,3060,3721
859,4PS22MC19,7.51,7.69,9.91,6.35,7.86,33,36,90,0.1800000000000006,2.2199999999999998,0.33,3240,1089
860,4PS22MC20,7.18,5.93,7.69,7.04,6.96,98,33,90,-1.25,1.7600000000000007,0.98,2970,9604
861,4PS22MC21,6.53,9.23,5.73,9.55,7.76,62,52,90,2.7,-3.5,0.62,4680,3844
862,4PS22MC22,7.27,8.56,8.71,9.51,8.51,59,11,90,1.290000000000001,0.15000000000000036,0.59,990,3481
863,4PS22MC23,9.88,8.3,7.07,6.59,7.96,71,50,90,-1.58,-1.2300000000000004,0.71,4500,5041
864,4PS22MC24,8.63,6.88,6.84,6.13,7.12,26,63,90,-1.7500000000000009,-0.040000000000000036,0.26,5670,676
865,4PS22MC25,8.28,6.78,7.47,7.7,7.56,72,92,90,-1.4999999999999991,0.6899999999999995,0.72,8280,5184
866,4PS22MC26,5.69,7.8,7.91,7.0,7.1,11,98,90,2.1099999999999994,0.11000000000000032,0.11,8820,121
867,4PS22MC27,7.11,8.73,9.95,6.24,8.01,35,93,90,1.62,1.2199999999999989,0.35,8370,1225
868,4PS22MC28,6.05,8.01,6.51,7.07,6.91,28,16,90,1.96,-1.5,0.28,1440,784
869,4PS22MC29,9.17,7.29,9.97,8.33,8.69,25,24,90,-1.88,2.6800000000000006,0.25,2160,625
870,4PS22MC30,7.28,7.48,8.46,5.77,7.25,33,47,90,0.20000000000000018,0.9800000000000004,0.33,4230,1089
871,4PS22MC31,7.35,8.63,8.55,8.89,8.36,29,14,90,1.2800000000000011,-0.08000000000000007,0.29,1260,841
872,4PS22MC32,8.5,9.94,5.55,7.9,7.97,42,28,90,1.4399999999999995,-4.39,0.42,2520,1764
873,4PS22MC33,8.06,8.36,9.39,6.09,7.98,38,66,90,0.29999999999999893,1.0300000000000011,0.38,5940,1444
874,4PS22MC34,8.59,5.63,8.27,7.41,7.48,19,43,90,-2.96,2.6399999999999997,0.19,3870,361
875,4PS22MC35,5.91,9.05,9.56,8.21,8.18,67,87,90,3.1400000000000006,0.5099999999999998,0.67,7830,4489
876,4PS22MC36,6.92,6.5,6.77,9.15,7.33,52,48,90,-0.41999999999999993,0.2699999999999996,0.52,4320,2704
877,4PS22MC37,8.96,5.51,7.25,7.29,7.25,45,86,90,-3.450000000000001,1.7400000000000002,0.45,7740,2025
878,4PS22MC38,5.94,7.83,9.9,7.49,7.79,10,73,90,1.8899999999999997,2.0700000000000003,0.1,6570,100
879,4PS22MC39,6.27,5.54,5.71,5.54,5.76,60,99,90,-0.7299999999999995,0.16999999999999993,0.6,8910,3600
880,4PS22MC40,6.46,7.49,7.75,6.31,7.0,26,98,90,1.0300000000000002,0.2599999999999998,0.26,8820,676
881,4PS22MC41,8.56,9.04,8.48,9.53,8.9,48,83,90,0.47999999999999865,-0.5599999999999987,0.48,7470,2304
882,4PS22MC42,7.34,9.07,9.35,6.96,8.18,13,54,90,1.7300000000000004,0.27999999999999936,0.13,4860,169
883,4PS22MC43,8.08,9.52,5.57,9.17,8.09,99,49,90,1.4399999999999995,-3.9499999999999993,0.99,4410,9801
884,4PS22MC44,8.53,8.84,7.21,8.46,8.26,83,76,90,0.3100000000000005,-1.63,0.83,6840,6889
885,4PS22MC45,6.57,8.02,7.87,6.44,7.22,35,66,90,1.4499999999999993,-0.14999999999999947,0.35,5940,1225
886,4PS22MC46,6.39,9.91,6.84,7.89,7.76,21,59,90,3.5200000000000005,-3.0700000000000003,0.21,5310,441
887,4PS22MC47,5.98,9.71,9.75,5.72,7.79,8,63,90,3.7300000000000004,0.03999999999999915,0.08,5670,64
888,4PS22MC48,5.78,5.88,7.29,8.61,6.89,57,28,90,0.09999999999999964,1.4100000000000001,0.57,2520,3249
889,4PS22MC49,8.71,5.62,9.11,6.88,7.58,35,50,90,-3.0900000000000007,3.4899999999999993,0.35,4500,1225
890,4PS22MC50,9.31,8.76,8.96,7.93,8.74,88,74,90,-0.5500000000000007,0.20000000000000107,0.88,6660,7744
891,4PS22MC51,8.48,7.45,8.53,8.8,8.32,79,65,90,-1.0300000000000002,1.0799999999999992,0.79,5850,6241
892,4PS22MC52,8.65,6.24,8.56,7.31,7.69,98,6,90,-2.41,2.3200000000000003,0.98,540,9604
893,4PS22MC53,5.98,7.21,9.77,7.88,7.71,44,17,90,1.2299999999999995,2.5599999999999996,0.44,1530,1936
894,4PS22MC54,7.84,8.74,5.94,6.85,7.34,30,18,90,0.9000000000000004,-2.8,0.3,1620,900
895,4PS22MC55,8.88,7.54,5.94,6.6,7.24,44,95,90,-1.3400000000000007,-1.5999999999999996,0.44,8550,1936
896,4PS22MC56,8.11,6.7,7.55,6.6,7.24,32,84,90,-1.4099999999999993,0.8499999999999996,0.32,7560,1024
897,4PS22MC57,6.86,8.98,8.63,6.82,7.82,93,2,90,2.12,-0.34999999999999964,0.93,180,8649
898,4PS22MC58,9.07,8.3,8.19,8.74,8.58,69,13,90,-0.7699999999999996,-0.11000000000000121,0.69,1170,4761
899,4PS22MC59,7.93,5.65,5.72,9.54,7.21,22,19,90,-2.2799999999999994,0.0699999999999994,0.22,1710,484
900,4PS22MC60,6.74,8.6,8.05,8.83,8.06,72,78,90,1.8599999999999994,-0.5499999999999989,0.72,7020,5184
901,4PS18MC01,9.31,7.04,5.83,8.84,7.76,35,90,90,-2.2700000000000005,-1.21,0.35,8100,1225
902,4PS18MC02,6.57,7.42,6.27,5.98,6.56,49,26,90,0.8499999999999996,-1.1500000000000004,0.49,2340,2401
903,4PS18MC03,7.23,7.23,9.68,5.95,7.52,60,78,90,0.0,2.4499999999999993,0.6,7020,3600
904,4PS18MC04,8.4,7.05,8.57,8.84,8.22,90,68,90,-1.3500000000000005,1.5200000000000005,0.9,6120,8100
905,4PS18MC05,6.95,7.61,6.79,7.49,7.21,89,88,90,0.6600000000000001,-0.8200000000000003,0.89,7920,7921
906,4PS18MC06,6.05,9.81,9.46,6.08,7.85,62,89,90,3.7600000000000007,-0.34999999999999964,0.62,8010,3844
907,4PS18MC07,6.6,9.24,6.54,5.81,7.05,85,99,90,2.6400000000000006,-2.7,0.85,8910,7225
908,4PS18MC08,6.83,9.04,9.56,6.81,8.06,68,59,90,2.209999999999999,0.5200000000000014,0.68,5310,4624
909,4PS18MC09,9.65,9.39,5.63,6.02,7.67,19,27,90,-0.2599999999999998,-3.7600000000000007,0.19,2430,361
910,4PS18MC10,8.6,5.85,9.61,8.07,8.03,24,95,90,-2.75,3.76,0.24,8550,576
911,4PS18MC11,7.09,7.47,6.96,6.22,6.94,77,21,90,0.3799999999999999,-0.5099999999999998,0.77,1890,5929
912,4PS18MC12,9.92,9.59,6.77,8.63,8.73,82,96,90,-0.33000000000000007,-2.8200000000000003,0.82,8640,6724
913,4PS18MC13,9.5,8.42,9.24,8.44,8.9,16,71,90,-1.08,0.8200000000000003,0.16,6390,256
914,4PS18MC14,9.34,8.86,8.14,5.51,7.96,47,79,90,-0.4800000000000004,-0.7199999999999989,0.47,7110,2209
915,4PS18MC15,7.23,6.81,5.56,7.33,6.73,41,37,90,-0.4200000000000008,-1.25,0.41,3330,1681
916,4PS18MC16,7.58,5.75,8.17,7.44,7.24,85,52,90,-1.83,2.42,0.85,4680,7225
917,4PS18MC17,8.86,9.96,5.79,7.69,8.07,50,79,90,1.1000000000000014,-4.170000000000001,0.5,7110,2500
918,4PS18MC18,9.33,8.06,6.18,6.96,7.63,52,5,90,-1.2699999999999996,-1.8800000000000008,0.52,450,2704
919,4PS18MC19,9.6,8.36,6.44,8.06,8.12,57,42,90,-1.2400000000000002,-1.919999999999999,0.57,3780,3249
920,4PS18MC20,9.75,5.86,9.63,6.14,7.85,67,72,90,-3.8899999999999997,3.7700000000000005,0.67,6480,4489
921,4PS18MC21,8.43,9.87,7.75,7.93,8.49,46,32,90,1.4399999999999995,-2.119999999999999,0.46,2880,2116
922,4PS18MC22,8.58,8.36,7.29,7.36,7.9,59,86,90,-0.22000000000000064,-1.0699999999999994,0.59,7740,3481
923,4PS18MC23,9.31,7.31,9.1,6.16,7.97,7,67,90,-2.000000000000001,1.79,0.07,6030,49
924,4PS18MC24,7.67,5.99,5.72,8.19,6.89,98,41,90,-1.6799999999999997,-0.27000000000000046,0.98,3690,9604
925,4PS18MC25,5.7,6.89,8.08,9.88,7.64,89,34,90,1.1899999999999995,1.1900000000000004,0.89,3060,7921
926,4PS18MC26,6.33,7.88,9.88,6.83,7.73,66,96,90,1.5499999999999998,2.000000000000001,0.66,8640,4356
927,4PS18MC27,9.76,6.38,5.94,6.83,7.23,46,57,90,-3.38,-0.4399999999999995,0.46,5130,2116
928,4PS18MC28,9.86,9.67,6.33,6.21,8.02,1,50,90,-0.1899999999999995,-3.34,0.01,4500,1
929,4PS18MC29,6.56,5.98,8.49,6.49,6.88,37,85,90,-0.5799999999999992,2.51,0.37,7650,1369
930,4PS18MC30,8.17,6.0,9.04,9.48,8.17,44,10,90,-2.17,3.039999999999999,0.44,900,1936
931,4PS18MC31,7.11,8.93,7.45,9.83,8.33,63,87,90,1.8199999999999994,-1.4799999999999995,0.63,7830,3969
932,4PS18MC32,5.77,8.55,6.54,8.75,7.4,25,17,90,2.780000000000001,-2.0100000000000007,0.25,1530,625
933,4PS18MC33,9.62,6.4,8.49,5.81,7.58,54,2,90,-3.219999999999999,2.09,0.54,180,2916
934,4PS18MC34,9.01,8.93,6.17,8.57,8.17,17,3,90,-0.08000000000000007,-2.76,0.17,270,289
935,4PS18MC35,6.42,5.53,7.23,5.76,6.24,50,37,90,-0.8899999999999997,1.7000000000000002,0.5,3330,2500
936,4PS18MC36,7.83,7.32,6.15,5.65,6.74,25,2,90,-0.5099999999999998,-1.17,0.25,180,625
937,4PS18MC37,9.4,9.52,7.64,6.22,8.2,98,87,90,0.11999999999999922,-1.88,0.98,7830,9604
938,4PS18MC38,8.49,9.3,5.72,8.38,7.97,95,21,90,0.8100000000000005,-3.580000000000001,0.95,1890,9025
939,4PS18MC39,8.57,6.39,6.43,9.7,7.77,26,100,90,-2.1800000000000006,0.040000000000000036,0.26,9000,676
940,4PS18MC40,6.51,9.51,9.89,8.26,8.54,50,79,90,3.0,0.3800000000000008,0.5,7110,2500
941,4PS18MC41,7.48,6.17,9.11,9.65,8.1,24,27,90,-1.3100000000000005,2.9399999999999995,0.24,2430,576
942,4PS18MC42,7.14,6.57,6.86,6.81,6.84,100,7,90,-0.5699999999999994,0.29000000000000004,1.0,630,10000
943,4PS18MC43,8.61,5.66,6.49,6.04,6.7,52,1,90,-2.9499999999999993,0.8300000000000001,0.52,90,2704
944,4PS18MC44,8.63,7.83,7.32,7.54,7.83,62,99,90,-0.8000000000000007,-0.5099999999999998,0.62,8910,3844
945,4PS18MC45,6.71,6.22,6.24,5.85,6.26,51,70,90,-0.4900000000000002,0.020000000000000462,0.51,6300,2601
946,4PS18MC46,6.34,8.47,8.49,9.63,8.23,56,48,90,2.130000000000001,0.019999999999999574,0.56,4320,3136
947,4PS18MC47,6.96,8.03,8.12,7.9,7.75,22,88,90,1.0699999999999994,0.08999999999999986,0.22,7920,484
948,4PS18MC48,6.29,9.04,8.32,6.99,7.66,43,61,90,2.749999999999999,-0.7199999999999989,0.43,5490,1849
949,4PS18MC49,7.32,5.61,9.68,7.94,7.64,95,46,90,-1.71,4.069999999999999,0.95,4140,9025
950,4PS18MC50,9.05,9.44,8.06,7.13,8.42,26,2,90,0.3899999999999988,-1.379999999999999,0.26,180,676
951,4PS18MC51,9.43,8.2,8.89,7.21,8.43,74,42,90,-1.2300000000000004,0.6900000000000013,0.74,3780,5476
952,4PS18MC52,9.24,6.8,8.29,7.72,8.01,44,5,90,-2.4400000000000004,1.4899999999999993,0.44,450,1936
953,4PS18MC53,8.62,9.11,9.28,8.72,8.93,12,35,90,0.4900000000000002,0.16999999999999993,0.12,3150,144
954,4PS18MC54,7.81,9.49,5.71,8.23,7.81,91,15,90,1.6800000000000006,-3.7800000000000002,0.91,1350,8281
955,4PS18MC55,6.71,7.28,6.61,6.4,6.75,26,24,90,0.5700000000000003,-0.6699999999999999,0.26,2160,676
956,4PS18MC56,8.63,8.38,7.26,6.87,7.79,39,36,90,-0.25,-1.120000000000001,0.39,3240,1521
957,4PS18MC57,7.47,9.53,9.71,8.43,8.78,80,56,90,2.0599999999999996,0.1800000000000015,0.8,5040,6400
958,4PS18MC58,6.88,7.81,8.54,8.03,7.82,40,75,90,0.9299999999999997,0.7299999999999995,0.4,6750,1600
959,4PS18MC59,8.66,8.66,7.07,6.04,7.61,11,77,90,0.0,-1.5899999999999999,0.11,6930,121
960,4PS18MC60,8.85,6.25,7.19,6.31,7.15,33,40,90,-2.5999999999999996,0.9400000000000004,0.33,3600,1089
961,4PS19MC01,8.8,7.45,7.99,8.53,8.19,99,35,90,-1.3500000000000005,0.54,0.99,3150,9801
962,4PS19MC02,7.94,8.98,6.84,5.68,7.36,44,88,90,1.04,-2.1400000000000006,0.44,7920,1936
963,4PS19MC03,7.98,9.92,7.07,7.01,7.99,75,42,90,1.9399999999999995,-2.8499999999999996,0.75,3780,5625
964,4PS19MC04,6.41,7.68,6.28,8.63,7.25,69,11,90,1.2699999999999996,-1.3999999999999995,0.69,990,4761
965,4PS19MC05,7.22,7.52,6.49,9.46,7.67,53,31,90,0.2999999999999998,-1.0299999999999994,0.53,2790,2809
966,4PS19MC06,9.5,5.68,9.23,6.21,7.66,18,33,90,-3.8200000000000003,3.5500000000000007,0.18,2970,324
967,4PS19MC07,7.31,8.08,9.04,9.6,8.51,94,41,90,0.7700000000000005,0.9599999999999991,0.94,3690,8836
968,4PS19MC08,6.96,8.39,6.38,8.03,7.44,63,47,90,1.4300000000000006,-2.0100000000000007,0.63,4230,3969
969,4PS19MC09,7.25,9.74,8.63,9.61,8.81,100,38,90,2.49,-1.1099999999999994,1.0,3420,10000
970,4PS19MC10,7.47,6.09,9.98,9.44,8.24,28,49,90,-1.38,3.8900000000000006,0.28,4410,784
971,4PS19MC11,8.39,6.61,5.82,6.27,6.77,95,70,90,-1.7800000000000002,-0.79,0.95,6300,9025
972,4PS19MC12,7.47,9.13,6.72,5.54,7.22,43,83,90,1.660000000000001,-2.410000000000001,0.43,7470,1849
973,4PS19MC13,8.15,6.39,8.42,6.93,7.47,79,97,90,-1.7600000000000007,2.0300000000000002,0.79,8730,6241
974,4PS19MC14,9.17,8.04,9.47,9.32,9.0,36,46,90,-1.1300000000000008,1.4300000000000015,0.36,4140,1296
975,4PS19MC15,6.99,7.84,7.3,7.21,7.34,76,86,90,0.8499999999999996,-0.54,0.76,7740,5776
976,4PS19MC16,7.51,7.9,6.3,7.75,7.36,92,36,90,0.39000000000000057,-1.6000000000000005,0.92,3240,8464
977,4PS19MC17,7.45,7.21,7.26,8.27,7.55,60,12,90,-0.2400000000000002,0.04999999999999982,0.6,1080,3600
978,4PS19MC18,7.19,9.94,5.65,7.26,7.51,85,82,90,2.749999999999999,-4.289999999999999,0.85,7380,7225
979,4PS19MC19,8.32,6.47,8.44,7.07,7.57,30,88,90,-1.8500000000000005,1.9699999999999998,0.3,7920,900
980,4PS19MC20,9.52,5.62,9.2,8.94,8.32,18,90,90,-3.8999999999999995,3.579999999999999,0.18,8100,324
981,4PS19MC21,6.95,8.05,9.49,6.64,7.78,98,20,90,1.1000000000000005,1.4399999999999995,0.98,1800,9604
982,4PS19MC22,5.57,6.64,5.65,8.19,6.51,82,17,90,1.0699999999999994,-0.9899999999999993,0.82,1530,6724
983,4PS19MC23,7.32,5.81,7.23,8.81,7.29,5,28,90,-1.5100000000000007,1.4200000000000008,0.05,2520,25
984,4PS19MC24,7.19,5.76,6.04,7.66,6.66,59,33,90,-1.4300000000000006,0.28000000000000025,0.59,2970,3481
985,4PS19MC25,6.56,5.66,7.2,6.1,6.38,58,93,90,-0.8999999999999995,1.54,0.58,8370,3364
986,4PS19MC26,7.71,7.17,8.52,7.75,7.79,43,37,90,-0.54,1.3499999999999996,0.43,3330,1849
987,4PS19MC27,9.45,7.2,8.51,9.03,8.55,31,88,90,-2.249999999999999,1.3099999999999996,0.31,7920,961
988,4PS19MC28,8.91,8.08,6.98,9.96,8.48,31,13,90,-0.8300000000000001,-1.0999999999999996,0.31,1170,961
989,4PS19MC29,8.41,7.33,8.48,7.74,7.99,65,100,90,-1.08,1.1500000000000004,0.65,9000,4225
990,4PS19MC30,7.67,9.22,7.0,6.21,7.52,15,65,90,1.5500000000000007,-2.2200000000000006,0.15,5850,225
991,4PS19MC31,9.71,8.73,7.6,7.82,8.46,98,44,90,-0.9800000000000004,-1.1300000000000008,0.98,3960,9604
992,4PS19MC32,7.81,7.22,6.37,8.82,7.56,35,30,90,-0.5899999999999999,-0.8499999999999996,0.35,2700,1225
993,4PS19MC33,9.66,6.28,8.44,8.97,8.34,79,87,90,-3.38,2.1599999999999993,0.79,7830,6241
994,4PS19MC34,9.5,7.73,8.86,6.48,8.14,36,73,90,-1.7699999999999996,1.129999999999999,0.36,6570,1296
995,4PS19MC35,5.8,9.77,9.04,7.89,8.12,87,25,90,3.9699999999999998,-0.7300000000000004,0.87,2250,7569
996,4PS19MC36,7.05,7.66,8.99,6.18,7.47,1,49,90,0.6100000000000003,1.33,0.01,4410,1
997,4PS19MC37,6.58,7.92,8.51,7.15,7.54,7,93,90,1.3399999999999999,0.5899999999999999,0.07,8370,49
998,4PS19MC38,8.05,5.72,7.63,6.3,6.92,78,74,90,-2.330000000000001,1.9100000000000001,0.78,6660,6084
999,4PS19MC39,8.33,9.4,7.38,6.99,8.02,32,26,90,1.0700000000000003,-2.0200000000000005,0.32,2340,1024
1000,4PS19MC40,5.91,7.2,5.86,8.92,6.97,54,47,90,1.29,-1.3399999999999999,0.54,4230,2916
